,train,test
0,tensor(3.9785),tensor(6.9677)
1,tensor(3.9177),tensor(6.9516)
2,tensor(3.9099),tensor(6.9403)
3,tensor(3.9075),tensor(6.9370)
4,tensor(3.8987),tensor(6.9265)
5,tensor(3.8953),tensor(6.9287)
6,tensor(3.8895),tensor(6.9237)
7,tensor(3.8816),tensor(6.9292)
8,tensor(3.9066),tensor(6.9250)
9,tensor(3.8843),tensor(6.9307)
10,tensor(3.8873),tensor(6.9250)
11,tensor(3.8732),tensor(6.9256)
12,tensor(3.9003),tensor(6.9527)
13,tensor(3.8884),tensor(6.9246)
14,tensor(3.8788),tensor(6.9326)
15,tensor(3.8840),tensor(6.9182)
16,tensor(3.8764),tensor(6.9163)
17,tensor(3.8735),tensor(6.9417)
18,tensor(3.8715),tensor(6.9318)
19,tensor(3.8732),tensor(6.9080)
20,tensor(3.8845),tensor(6.9330)
21,tensor(3.8658),tensor(6.9174)
22,tensor(3.8751),tensor(6.9144)
23,tensor(3.8848),tensor(6.9132)
24,tensor(3.8852),tensor(6.9190)
25,tensor(3.8703),tensor(6.9173)
26,tensor(3.8787),tensor(6.9296)
27,tensor(3.8692),tensor(6.9287)
28,tensor(3.8611),tensor(6.9192)
29,tensor(3.8673),tensor(6.9314)
30,tensor(3.8695),tensor(6.9403)
31,tensor(3.8829),tensor(6.9244)
32,tensor(3.8581),tensor(6.9337)
33,tensor(3.8794),tensor(6.9488)
34,tensor(3.8679),tensor(6.9303)
35,tensor(3.8773),tensor(6.9354)
36,tensor(3.8719),tensor(6.9621)
37,tensor(3.8796),tensor(6.9206)
38,tensor(3.8693),tensor(6.9326)
39,tensor(3.8877),tensor(6.9347)
40,tensor(3.8790),tensor(6.9617)
41,tensor(3.8720),tensor(6.9330)
42,tensor(3.8821),tensor(6.9299)
43,tensor(3.8705),tensor(6.9322)
44,tensor(3.8721),tensor(6.9405)
45,tensor(3.8671),tensor(6.9304)
46,tensor(3.8661),tensor(6.9467)
47,tensor(3.8774),tensor(6.9741)
48,tensor(3.8693),tensor(6.9315)
49,tensor(3.8734),tensor(6.9642)
50,tensor(3.8847),tensor(6.9614)
51,tensor(3.8815),tensor(6.9402)
52,tensor(3.8757),tensor(6.9384)
53,tensor(3.8767),tensor(6.9295)
54,tensor(3.8714),tensor(6.9209)
55,tensor(3.8650),tensor(6.9448)
56,tensor(3.8831),tensor(6.9427)
57,tensor(3.8665),tensor(6.9253)
58,tensor(3.8704),tensor(6.9535)
59,tensor(3.8814),tensor(6.9478)
60,tensor(3.8815),tensor(6.9384)
61,tensor(3.8817),tensor(6.9313)
62,tensor(3.8952),tensor(6.9451)
63,tensor(3.8645),tensor(6.9506)
64,tensor(3.8698),tensor(6.9472)
65,tensor(3.8734),tensor(6.9382)
66,tensor(3.8681),tensor(6.9433)
67,tensor(3.8717),tensor(6.9376)
68,tensor(3.8730),tensor(6.9291)
69,tensor(3.8761),tensor(6.9464)
70,tensor(3.8856),tensor(6.9625)
71,tensor(3.8710),tensor(6.9385)
72,tensor(3.8715),tensor(6.9371)
73,tensor(3.8681),tensor(6.9397)
74,tensor(3.8727),tensor(6.9260)
75,tensor(3.8895),tensor(6.9622)
76,tensor(3.8830),tensor(6.9434)
77,tensor(3.8907),tensor(6.9525)
78,tensor(3.8559),tensor(6.9377)
79,tensor(3.8660),tensor(6.9394)
80,tensor(3.8834),tensor(6.9439)
81,tensor(3.8838),tensor(6.9474)
82,tensor(3.8631),tensor(6.9158)
83,tensor(3.8810),tensor(6.9333)
84,tensor(3.8800),tensor(6.9620)
85,tensor(3.8740),tensor(6.9322)
86,tensor(3.8726),tensor(6.9696)
87,tensor(3.8672),tensor(6.9460)
88,tensor(3.8608),tensor(6.9362)
89,tensor(3.8640),tensor(6.9387)
90,tensor(3.8780),tensor(6.9297)
91,tensor(3.8710),tensor(6.9230)
92,tensor(3.8717),tensor(6.9430)
93,tensor(3.8638),tensor(6.9562)
94,tensor(3.8839),tensor(6.9445)
95,tensor(3.8761),tensor(6.9435)
96,tensor(3.8784),tensor(6.9230)
97,tensor(3.8770),tensor(6.9465)
98,tensor(3.8755),tensor(6.9355)
99,tensor(3.8622),tensor(6.9549)
100,tensor(3.8676),tensor(6.9375)
101,tensor(3.8578),tensor(6.9432)
102,tensor(3.8616),tensor(6.9456)
103,tensor(3.8717),tensor(6.9751)
104,tensor(3.8788),tensor(6.9502)
105,tensor(3.8778),tensor(6.9547)
106,tensor(3.8658),tensor(6.9311)
107,tensor(3.8469),tensor(6.9372)
108,tensor(3.8644),tensor(6.9772)
109,tensor(3.8962),tensor(6.9457)
110,tensor(3.8636),tensor(6.9464)
111,tensor(3.8550),tensor(6.9352)
112,tensor(3.8492),tensor(6.9432)
113,tensor(3.8802),tensor(6.9609)
114,tensor(3.8784),tensor(6.9474)
115,tensor(3.8578),tensor(6.9401)
116,tensor(3.8541),tensor(6.9472)
117,tensor(3.8779),tensor(6.9399)
118,tensor(3.8741),tensor(6.9522)
119,tensor(3.8901),tensor(6.9885)
120,tensor(3.8684),tensor(6.9543)
121,tensor(3.8496),tensor(6.9358)
122,tensor(3.8616),tensor(6.9414)
123,tensor(3.8713),tensor(6.9482)
124,tensor(3.8608),tensor(6.9439)
125,tensor(3.8751),tensor(6.9728)
126,tensor(3.8753),tensor(6.9525)
127,tensor(3.8609),tensor(6.9362)
128,tensor(3.8647),tensor(6.9278)
129,tensor(3.8902),tensor(6.9473)
130,tensor(3.8783),tensor(6.9640)
131,tensor(3.8585),tensor(6.9394)
132,tensor(3.8711),tensor(6.9662)
133,tensor(3.8844),tensor(6.9498)
134,tensor(3.8525),tensor(6.9521)
135,tensor(3.9005),tensor(6.9519)
136,tensor(3.8583),tensor(6.9245)
137,tensor(3.8876),tensor(6.9691)
138,tensor(3.8620),tensor(6.9265)
139,tensor(3.8710),tensor(6.9456)
140,tensor(3.8683),tensor(6.9507)
141,tensor(3.8619),tensor(6.9488)
142,tensor(3.8745),tensor(6.9576)
143,tensor(3.8639),tensor(6.9705)
144,tensor(3.8802),tensor(6.9748)
145,tensor(3.8677),tensor(6.9468)
146,tensor(3.8768),tensor(6.9408)
147,tensor(3.8759),tensor(6.9468)
148,tensor(3.8655),tensor(6.9383)
149,tensor(3.8788),tensor(6.9450)
150,tensor(3.8699),tensor(6.9367)
151,tensor(3.8739),tensor(6.9324)
152,tensor(3.8787),tensor(6.9379)
153,tensor(3.8538),tensor(6.9258)
154,tensor(3.8785),tensor(6.9356)
155,tensor(3.8683),tensor(6.9293)
156,tensor(3.8813),tensor(6.9300)
157,tensor(3.8599),tensor(6.9578)
158,tensor(3.8806),tensor(6.9485)
159,tensor(3.8812),tensor(6.9407)
160,tensor(3.8793),tensor(6.9312)
161,tensor(3.8692),tensor(6.9367)
162,tensor(3.8508),tensor(6.9489)
163,tensor(3.8535),tensor(6.9328)
164,tensor(3.8811),tensor(6.9364)
165,tensor(3.8806),tensor(6.9544)
166,tensor(3.8637),tensor(6.9320)
167,tensor(3.8593),tensor(6.9526)
168,tensor(3.8464),tensor(6.9375)
169,tensor(3.8656),tensor(6.9450)
170,tensor(3.8732),tensor(6.9615)
171,tensor(3.8878),tensor(6.9659)
172,tensor(3.8682),tensor(6.9486)
173,tensor(3.8689),tensor(6.9473)
174,tensor(3.8761),tensor(6.9515)
175,tensor(3.8716),tensor(6.9542)
176,tensor(3.8650),tensor(6.9346)
177,tensor(3.8678),tensor(6.9390)
178,tensor(3.8541),tensor(6.9504)
179,tensor(3.8738),tensor(6.9224)
180,tensor(3.8531),tensor(6.9375)
181,tensor(3.8474),tensor(6.9597)
182,tensor(3.8693),tensor(6.9581)
183,tensor(3.8760),tensor(6.9325)
184,tensor(3.8672),tensor(6.9350)
185,tensor(3.8562),tensor(6.9601)
186,tensor(3.8597),tensor(6.9358)
187,tensor(3.8733),tensor(6.9660)
188,tensor(3.8588),tensor(6.9333)
189,tensor(3.8786),tensor(6.9451)
190,tensor(3.8749),tensor(6.9448)
191,tensor(3.8757),tensor(6.9535)
192,tensor(3.8560),tensor(6.9418)
193,tensor(3.8719),tensor(6.9546)
194,tensor(3.8830),tensor(6.9600)
195,tensor(3.8794),tensor(6.9442)
196,tensor(3.8860),tensor(6.9853)
197,tensor(3.8775),tensor(6.9319)
198,tensor(3.8682),tensor(6.9499)
199,tensor(3.8659),tensor(6.9684)
200,tensor(3.8748),tensor(6.9434)
201,tensor(3.8605),tensor(6.9478)
202,tensor(3.8788),tensor(6.9634)
203,tensor(3.8713),tensor(6.9489)
204,tensor(3.8642),tensor(6.9399)
205,tensor(3.8581),tensor(6.9623)
206,tensor(3.8737),tensor(6.9492)
207,tensor(3.8676),tensor(6.9719)
208,tensor(3.8669),tensor(6.9392)
209,tensor(3.8779),tensor(6.9521)
210,tensor(3.8793),tensor(6.9533)
211,tensor(3.8725),tensor(6.9438)
212,tensor(3.8658),tensor(6.9403)
213,tensor(3.8737),tensor(6.9594)
214,tensor(3.8790),tensor(6.9571)
215,tensor(3.8622),tensor(6.9442)
216,tensor(3.8706),tensor(6.9569)
217,tensor(3.8724),tensor(6.9425)
218,tensor(3.8578),tensor(6.9443)
219,tensor(3.8752),tensor(6.9558)
220,tensor(3.8653),tensor(6.9350)
221,tensor(3.8678),tensor(6.9585)
222,tensor(3.8767),tensor(6.9586)
223,tensor(3.8657),tensor(6.9488)
224,tensor(3.8541),tensor(6.9586)
225,tensor(3.8698),tensor(6.9572)
226,tensor(3.8539),tensor(6.9546)
227,tensor(3.8731),tensor(6.9764)
228,tensor(3.8740),tensor(6.9713)
229,tensor(3.8536),tensor(6.9428)
230,tensor(3.8932),tensor(6.9635)
231,tensor(3.8864),tensor(6.9621)
232,tensor(3.8523),tensor(6.9362)
233,tensor(3.8671),tensor(6.9715)
234,tensor(3.8700),tensor(6.9493)
235,tensor(3.8854),tensor(6.9509)
236,tensor(3.8849),tensor(6.9820)
237,tensor(3.8836),tensor(6.9527)
238,tensor(3.8664),tensor(6.9631)
239,tensor(3.8606),tensor(6.9626)
240,tensor(3.8774),tensor(6.9711)
241,tensor(3.8712),tensor(6.9399)
242,tensor(3.8658),tensor(6.9471)
243,tensor(3.8661),tensor(6.9504)
244,tensor(3.8692),tensor(6.9332)
245,tensor(3.8677),tensor(6.9553)
246,tensor(3.8749),tensor(6.9578)
247,tensor(3.8527),tensor(6.9382)
248,tensor(3.8444),tensor(6.9380)
249,tensor(3.8667),tensor(6.9604)
250,tensor(3.8576),tensor(6.9337)
251,tensor(3.8654),tensor(6.9412)
252,tensor(3.8910),tensor(6.9757)
253,tensor(3.8713),tensor(6.9340)
254,tensor(3.8779),tensor(6.9504)
255,tensor(3.8760),tensor(6.9538)
256,tensor(3.8699),tensor(6.9384)
257,tensor(3.8802),tensor(6.9579)
258,tensor(3.8845),tensor(6.9577)
259,tensor(3.8677),tensor(6.9270)
260,tensor(3.8781),tensor(6.9491)
261,tensor(3.8622),tensor(6.9494)
262,tensor(3.8639),tensor(6.9458)
263,tensor(3.8800),tensor(6.9572)
264,tensor(3.8906),tensor(6.9502)
265,tensor(3.8582),tensor(6.9520)
266,tensor(3.8701),tensor(6.9509)
267,tensor(3.8852),tensor(6.9663)
268,tensor(3.8671),tensor(6.9343)
269,tensor(3.8751),tensor(6.9462)
270,tensor(3.8714),tensor(6.9626)
271,tensor(3.8712),tensor(6.9456)
272,tensor(3.8646),tensor(6.9412)
273,tensor(3.8901),tensor(6.9531)
274,tensor(3.8633),tensor(6.9559)
275,tensor(3.8710),tensor(6.9427)
276,tensor(3.8635),tensor(6.9654)
277,tensor(3.8822),tensor(6.9814)
278,tensor(3.8757),tensor(6.9461)
279,tensor(3.8736),tensor(6.9467)
280,tensor(3.8645),tensor(6.9487)
281,tensor(3.8601),tensor(6.9473)
282,tensor(3.8659),tensor(6.9425)
283,tensor(3.8573),tensor(6.9602)
284,tensor(3.8721),tensor(6.9544)
285,tensor(3.8542),tensor(6.9573)
286,tensor(3.8507),tensor(6.9467)
287,tensor(3.8926),tensor(6.9746)
288,tensor(3.8785),tensor(6.9335)
289,tensor(3.8730),tensor(6.9407)
290,tensor(3.8812),tensor(6.9684)
291,tensor(3.8674),tensor(6.9526)
292,tensor(3.8484),tensor(6.9519)
293,tensor(3.8613),tensor(6.9766)
294,tensor(3.8735),tensor(6.9421)
295,tensor(3.8720),tensor(6.9496)
296,tensor(3.8887),tensor(6.9514)
297,tensor(3.8715),tensor(6.9592)
298,tensor(3.8799),tensor(6.9642)
299,tensor(3.8760),tensor(6.9631)
300,tensor(3.8778),tensor(6.9472)
301,tensor(3.8693),tensor(6.9788)
302,tensor(3.8730),tensor(6.9527)
303,tensor(3.8810),tensor(6.9423)
304,tensor(3.8697),tensor(6.9542)
305,tensor(3.8629),tensor(6.9554)
306,tensor(3.8646),tensor(6.9517)
307,tensor(3.8713),tensor(6.9516)
308,tensor(3.8690),tensor(6.9380)
309,tensor(3.8670),tensor(6.9420)
310,tensor(3.8575),tensor(6.9429)
311,tensor(3.8684),tensor(6.9618)
312,tensor(3.8703),tensor(6.9289)
313,tensor(3.8741),tensor(6.9392)
314,tensor(3.8509),tensor(6.9335)
315,tensor(3.8775),tensor(6.9583)
316,tensor(3.8765),tensor(6.9286)
317,tensor(3.8866),tensor(6.9395)
318,tensor(3.8668),tensor(6.9525)
319,tensor(3.8762),tensor(6.9408)
320,tensor(3.8573),tensor(6.9465)
321,tensor(3.8682),tensor(6.9450)
322,tensor(3.8660),tensor(6.9381)
323,tensor(3.8644),tensor(6.9588)
324,tensor(3.8871),tensor(6.9683)
325,tensor(3.8713),tensor(6.9594)
326,tensor(3.8823),tensor(6.9193)
327,tensor(3.8708),tensor(6.9541)
328,tensor(3.8760),tensor(6.9526)
329,tensor(3.8670),tensor(6.9402)
330,tensor(3.8510),tensor(6.9495)
331,tensor(3.8750),tensor(6.9522)
332,tensor(3.8849),tensor(6.9431)
333,tensor(3.8835),tensor(6.9488)
334,tensor(3.8763),tensor(6.9325)
335,tensor(3.8710),tensor(6.9465)
336,tensor(3.8596),tensor(6.9550)
337,tensor(3.8656),tensor(6.9480)
338,tensor(3.8664),tensor(6.9519)
339,tensor(3.8504),tensor(6.9473)
340,tensor(3.8579),tensor(6.9390)
341,tensor(3.8523),tensor(6.9587)
342,tensor(3.8601),tensor(6.9530)
343,tensor(3.8695),tensor(6.9372)
344,tensor(3.8496),tensor(6.9608)
345,tensor(3.8621),tensor(6.9446)
346,tensor(3.8673),tensor(6.9600)
347,tensor(3.8614),tensor(6.9415)
348,tensor(3.8786),tensor(6.9671)
349,tensor(3.8815),tensor(6.9433)
350,tensor(3.8806),tensor(6.9600)
351,tensor(3.8655),tensor(6.9466)
352,tensor(3.8607),tensor(6.9657)
353,tensor(3.8787),tensor(6.9407)
354,tensor(3.8698),tensor(6.9448)
355,tensor(3.8987),tensor(6.9404)
356,tensor(3.8976),tensor(6.9470)
357,tensor(3.8763),tensor(6.9432)
358,tensor(3.8609),tensor(6.9288)
359,tensor(3.8635),tensor(6.9571)
360,tensor(3.8659),tensor(6.9550)
361,tensor(3.8607),tensor(6.9482)
362,tensor(3.8820),tensor(6.9571)
363,tensor(3.8525),tensor(6.9531)
364,tensor(3.8760),tensor(6.9899)
365,tensor(3.8696),tensor(6.9720)
366,tensor(3.9090),tensor(6.9806)
367,tensor(3.8708),tensor(6.9474)
368,tensor(3.8738),tensor(6.9430)
369,tensor(3.8739),tensor(6.9396)
370,tensor(3.8663),tensor(6.9503)
371,tensor(3.8809),tensor(6.9540)
372,tensor(3.8851),tensor(6.9443)
373,tensor(3.8681),tensor(6.9459)
374,tensor(3.8763),tensor(6.9714)
375,tensor(3.8657),tensor(6.9399)
376,tensor(3.8693),tensor(6.9510)
377,tensor(3.8658),tensor(6.9591)
378,tensor(3.8778),tensor(6.9528)
379,tensor(3.8604),tensor(6.9366)
380,tensor(3.8723),tensor(6.9608)
381,tensor(3.8602),tensor(6.9392)
382,tensor(3.8953),tensor(6.9647)
383,tensor(3.8739),tensor(6.9595)
384,tensor(3.8651),tensor(6.9420)
385,tensor(3.8656),tensor(6.9502)
386,tensor(3.8833),tensor(6.9379)
387,tensor(3.8850),tensor(6.9477)
388,tensor(3.8746),tensor(6.9531)
389,tensor(3.8653),tensor(6.9357)
390,tensor(3.8704),tensor(6.9472)
391,tensor(3.8769),tensor(6.9363)
392,tensor(3.8629),tensor(6.9369)
393,tensor(3.8729),tensor(6.9311)
394,tensor(3.8740),tensor(6.9341)
395,tensor(3.8900),tensor(6.9734)
396,tensor(3.8825),tensor(6.9506)
397,tensor(3.8744),tensor(6.9319)
398,tensor(3.8686),tensor(6.9265)
399,tensor(3.8410),tensor(6.9416)
400,tensor(3.8743),tensor(6.9619)
401,tensor(3.8956),tensor(6.9615)
402,tensor(3.8727),tensor(6.9473)
403,tensor(3.8752),tensor(6.9595)
404,tensor(3.8855),tensor(6.9371)
405,tensor(3.8681),tensor(6.9524)
406,tensor(3.8729),tensor(6.9412)
407,tensor(3.8866),tensor(6.9451)
408,tensor(3.8704),tensor(6.9426)
409,tensor(3.8546),tensor(6.9222)
410,tensor(3.8563),tensor(6.9355)
411,tensor(3.8693),tensor(6.9219)
412,tensor(3.8893),tensor(6.9463)
413,tensor(3.8617),tensor(6.9479)
414,tensor(3.8690),tensor(6.9210)
415,tensor(3.9303),tensor(6.9428)
416,tensor(3.9149),tensor(6.9607)
417,tensor(3.8988),tensor(6.9273)
418,tensor(3.8884),tensor(6.9466)
419,tensor(3.8888),tensor(6.9542)
420,tensor(3.8831),tensor(6.9547)
421,tensor(3.8748),tensor(6.9518)
422,tensor(3.8768),tensor(6.9531)
423,tensor(3.8554),tensor(6.9430)
424,tensor(3.8990),tensor(6.9754)
425,tensor(3.9002),tensor(6.9257)
426,tensor(3.8895),tensor(6.9368)
427,tensor(3.8820),tensor(6.9293)
428,tensor(3.8882),tensor(6.9329)
429,tensor(3.8620),tensor(6.9253)
430,tensor(3.8935),tensor(6.9361)
431,tensor(3.8709),tensor(6.9304)
432,tensor(3.8569),tensor(6.9265)
433,tensor(3.8648),tensor(6.9467)
434,tensor(3.8950),tensor(6.9550)
435,tensor(3.9004),tensor(6.9400)
436,tensor(3.8871),tensor(6.9338)
437,tensor(3.8870),tensor(6.9374)
438,tensor(3.8634),tensor(6.9181)
439,tensor(3.8749),tensor(6.9371)
440,tensor(3.8765),tensor(6.9319)
441,tensor(3.8795),tensor(6.9290)
442,tensor(3.8700),tensor(6.9377)
443,tensor(3.8650),tensor(6.9179)
444,tensor(3.8721),tensor(6.9368)
445,tensor(3.8833),tensor(6.9375)
446,tensor(3.8753),tensor(6.9282)
447,tensor(3.8712),tensor(6.9219)
448,tensor(3.8710),tensor(6.9422)
449,tensor(3.8668),tensor(6.9482)
450,tensor(3.8768),tensor(6.9561)
451,tensor(3.8735),tensor(6.9283)
452,tensor(3.8487),tensor(6.9306)
453,tensor(3.8682),tensor(6.9406)
454,tensor(3.8679),tensor(6.9290)
455,tensor(3.8653),tensor(6.9308)
456,tensor(3.8728),tensor(6.9288)
457,tensor(3.8703),tensor(6.9324)
458,tensor(3.8699),tensor(6.9346)
459,tensor(3.8611),tensor(6.9281)
460,tensor(3.8677),tensor(6.9503)
461,tensor(3.8801),tensor(6.9291)
462,tensor(3.8827),tensor(6.9425)
463,tensor(3.8802),tensor(6.9269)
464,tensor(3.8685),tensor(6.9408)
465,tensor(3.8693),tensor(6.9167)
466,tensor(3.8780),tensor(6.9501)
467,tensor(3.8721),tensor(6.9310)
468,tensor(3.8638),tensor(6.9273)
469,tensor(3.8894),tensor(6.9594)
470,tensor(3.8786),tensor(6.9274)
471,tensor(3.8598),tensor(6.9261)
472,tensor(3.8873),tensor(6.9289)
473,tensor(3.8623),tensor(6.9304)
474,tensor(3.8723),tensor(6.9465)
475,tensor(3.8815),tensor(6.9260)
476,tensor(3.8794),tensor(6.9391)
477,tensor(3.8667),tensor(6.9328)
478,tensor(3.8572),tensor(6.9357)
479,tensor(3.8640),tensor(6.9432)
480,tensor(3.8630),tensor(6.9260)
481,tensor(3.8684),tensor(6.9227)
482,tensor(3.8502),tensor(6.9477)
483,tensor(3.8873),tensor(6.9749)
484,tensor(3.8828),tensor(6.9629)
485,tensor(3.8804),tensor(6.9421)
486,tensor(3.8754),tensor(6.9306)
487,tensor(3.8637),tensor(6.9370)
488,tensor(3.8961),tensor(6.9577)
489,tensor(3.8816),tensor(6.9373)
490,tensor(3.8833),tensor(6.9362)
491,tensor(3.8711),tensor(6.9582)
492,tensor(3.8726),tensor(6.9427)
493,tensor(3.8715),tensor(6.9295)
494,tensor(3.8670),tensor(6.9605)
495,tensor(3.8692),tensor(6.9422)
496,tensor(3.8730),tensor(6.9419)
497,tensor(3.8621),tensor(6.9566)
498,tensor(3.8683),tensor(6.9462)
499,tensor(3.8817),tensor(6.9329)
500,tensor(3.8962),tensor(6.9469)
501,tensor(3.8572),tensor(6.9386)
502,tensor(3.8510),tensor(6.9439)
503,tensor(3.8796),tensor(6.9518)
504,tensor(3.8695),tensor(6.9443)
505,tensor(3.9042),tensor(6.9408)
506,tensor(3.8651),tensor(6.9374)
507,tensor(3.8623),tensor(6.9383)
508,tensor(3.8741),tensor(6.9497)
509,tensor(3.8568),tensor(6.9323)
510,tensor(3.8631),tensor(6.9398)
511,tensor(3.8904),tensor(6.9502)
512,tensor(3.8602),tensor(6.9477)
513,tensor(3.8806),tensor(6.9199)
514,tensor(3.8781),tensor(6.9560)
515,tensor(3.8740),tensor(6.9435)
516,tensor(3.8758),tensor(6.9575)
517,tensor(3.8639),tensor(6.9415)
518,tensor(3.8714),tensor(6.9418)
519,tensor(3.8561),tensor(6.9282)
520,tensor(3.8605),tensor(6.9282)
521,tensor(3.8719),tensor(6.9444)
522,tensor(3.8605),tensor(6.9356)
523,tensor(3.8839),tensor(6.9479)
524,tensor(3.8649),tensor(6.9269)
525,tensor(3.8579),tensor(6.9313)
526,tensor(3.8538),tensor(6.9358)
527,tensor(3.8561),tensor(6.9340)
528,tensor(3.8870),tensor(6.9421)
529,tensor(3.8883),tensor(6.9515)
530,tensor(3.8776),tensor(6.9460)
531,tensor(3.8593),tensor(6.9369)
532,tensor(3.8673),tensor(6.9412)
533,tensor(3.8762),tensor(6.9482)
534,tensor(3.8729),tensor(6.9326)
535,tensor(3.8735),tensor(6.9319)
536,tensor(3.8826),tensor(6.9493)
537,tensor(3.8736),tensor(6.9296)
538,tensor(3.8772),tensor(6.9351)
539,tensor(3.8533),tensor(6.9195)
540,tensor(3.8566),tensor(6.9243)
541,tensor(3.8662),tensor(6.9291)
542,tensor(3.8783),tensor(6.9476)
543,tensor(3.8828),tensor(6.9579)
544,tensor(3.8749),tensor(6.9410)
545,tensor(3.8773),tensor(6.9285)
546,tensor(3.8684),tensor(6.9759)
547,tensor(3.8904),tensor(6.9317)
548,tensor(3.8614),tensor(6.9372)
549,tensor(3.8586),tensor(6.9401)
550,tensor(3.8579),tensor(6.9502)
551,tensor(3.8727),tensor(6.9551)
552,tensor(3.8620),tensor(6.9659)
553,tensor(3.8718),tensor(6.9522)
554,tensor(3.8639),tensor(6.9553)
555,tensor(3.8712),tensor(6.9488)
556,tensor(3.8747),tensor(6.9355)
557,tensor(3.8713),tensor(6.9404)
558,tensor(3.8746),tensor(6.9540)
559,tensor(3.8603),tensor(6.9543)
560,tensor(3.8550),tensor(6.9461)
561,tensor(3.8632),tensor(6.9558)
562,tensor(3.8679),tensor(6.9369)
563,tensor(3.8824),tensor(6.9482)
564,tensor(3.8630),tensor(6.9412)
565,tensor(3.8587),tensor(6.9366)
566,tensor(3.8857),tensor(6.9764)
567,tensor(3.8796),tensor(6.9479)
568,tensor(3.8767),tensor(6.9634)
569,tensor(3.8821),tensor(6.9586)
570,tensor(3.8641),tensor(6.9480)
571,tensor(3.8891),tensor(6.9534)
572,tensor(3.8797),tensor(6.9446)
573,tensor(3.8743),tensor(6.9491)
574,tensor(3.8609),tensor(6.9386)
575,tensor(3.8935),tensor(6.9571)
576,tensor(3.8784),tensor(6.9395)
577,tensor(3.8580),tensor(6.9331)
578,tensor(3.8558),tensor(6.9560)
579,tensor(3.8683),tensor(6.9632)
580,tensor(3.8718),tensor(6.9495)
581,tensor(3.8585),tensor(6.9348)
582,tensor(3.8875),tensor(6.9632)
583,tensor(3.8731),tensor(6.9421)
584,tensor(3.8746),tensor(6.9431)
585,tensor(3.8879),tensor(6.9460)
586,tensor(3.8685),tensor(6.9293)
587,tensor(3.8810),tensor(6.9425)
588,tensor(3.8709),tensor(6.9399)
589,tensor(3.8751),tensor(6.9393)
590,tensor(3.8886),tensor(6.9527)
591,tensor(3.8809),tensor(6.9517)
592,tensor(3.8566),tensor(6.9448)
593,tensor(3.8652),tensor(6.9482)
594,tensor(3.8649),tensor(6.9351)
595,tensor(3.8807),tensor(6.9568)
596,tensor(3.8972),tensor(6.9331)
597,tensor(3.8935),tensor(6.9585)
598,tensor(3.8819),tensor(6.9409)
599,tensor(3.8683),tensor(6.9371)
600,tensor(3.8830),tensor(6.9456)
601,tensor(3.8745),tensor(6.9284)
602,tensor(3.8621),tensor(6.9376)
603,tensor(3.8786),tensor(6.9472)
604,tensor(3.8647),tensor(6.9678)
605,tensor(3.8864),tensor(6.9726)
606,tensor(3.8893),tensor(6.9307)
607,tensor(3.8713),tensor(6.9440)
608,tensor(3.8750),tensor(6.9472)
609,tensor(3.8921),tensor(6.9518)
610,tensor(3.8733),tensor(6.9330)
611,tensor(3.8785),tensor(6.9364)
612,tensor(3.8790),tensor(6.9467)
613,tensor(3.8893),tensor(6.9372)
614,tensor(3.8646),tensor(6.9270)
615,tensor(3.8798),tensor(6.9440)
616,tensor(3.8725),tensor(6.9378)
617,tensor(3.8791),tensor(6.9276)
618,tensor(3.8739),tensor(6.9456)
619,tensor(3.8631),tensor(6.9326)
620,tensor(3.8792),tensor(6.9456)
621,tensor(3.8884),tensor(6.9548)
622,tensor(3.8966),tensor(6.9357)
623,tensor(3.8561),tensor(6.9250)
624,tensor(3.8853),tensor(6.9328)
625,tensor(3.8938),tensor(6.9500)
626,tensor(3.8927),tensor(6.9453)
627,tensor(3.8755),tensor(6.9325)
628,tensor(3.8765),tensor(6.9402)
629,tensor(3.8790),tensor(6.9220)
630,tensor(3.8933),tensor(6.9467)
631,tensor(3.8604),tensor(6.9176)
632,tensor(3.8814),tensor(6.9214)
633,tensor(3.8607),tensor(6.9426)
634,tensor(3.8860),tensor(6.9379)
635,tensor(3.8726),tensor(6.9460)
636,tensor(3.8691),tensor(6.9539)
637,tensor(3.8681),tensor(6.9299)
638,tensor(3.8726),tensor(6.9238)
639,tensor(3.8856),tensor(6.9286)
640,tensor(3.8773),tensor(6.9337)
641,tensor(3.8666),tensor(6.9344)
642,tensor(3.8780),tensor(6.9422)
643,tensor(3.8832),tensor(6.9570)
644,tensor(3.8955),tensor(6.9490)
645,tensor(3.8831),tensor(6.9474)
646,tensor(3.8474),tensor(6.9279)
647,tensor(3.9039),tensor(6.9450)
648,tensor(3.9013),tensor(6.9372)
649,tensor(3.8682),tensor(6.9396)
650,tensor(3.8647),tensor(6.9349)
651,tensor(3.8814),tensor(6.9461)
652,tensor(3.8768),tensor(6.9394)
653,tensor(3.8661),tensor(6.9325)
654,tensor(3.8725),tensor(6.9584)
655,tensor(3.8872),tensor(6.9416)
656,tensor(3.8627),tensor(6.9482)
657,tensor(3.8815),tensor(6.9376)
658,tensor(3.8481),tensor(6.9511)
659,tensor(3.8657),tensor(6.9552)
660,tensor(3.8894),tensor(6.9384)
661,tensor(3.8827),tensor(6.9442)
662,tensor(3.8778),tensor(6.9492)
663,tensor(3.8696),tensor(6.9393)
664,tensor(3.8524),tensor(6.9452)
665,tensor(3.8874),tensor(6.9602)
666,tensor(3.8693),tensor(6.9388)
667,tensor(3.8715),tensor(6.9616)
668,tensor(3.8727),tensor(6.9339)
669,tensor(3.8671),tensor(6.9492)
670,tensor(3.8741),tensor(6.9507)
671,tensor(3.8691),tensor(6.9559)
672,tensor(3.8961),tensor(6.9882)
673,tensor(3.8823),tensor(6.9480)
674,tensor(3.8750),tensor(6.9469)
675,tensor(3.8801),tensor(6.9520)
676,tensor(3.8701),tensor(6.9555)
677,tensor(3.8792),tensor(6.9677)
678,tensor(3.8681),tensor(6.9630)
679,tensor(3.8786),tensor(6.9459)
680,tensor(3.8662),tensor(6.9361)
681,tensor(3.8801),tensor(6.9559)
682,tensor(3.8746),tensor(6.9384)
683,tensor(3.8932),tensor(6.9426)
684,tensor(3.8717),tensor(6.9513)
685,tensor(3.8709),tensor(6.9436)
686,tensor(3.8801),tensor(6.9428)
687,tensor(3.8864),tensor(6.9549)
688,tensor(3.8753),tensor(6.9300)
689,tensor(3.8904),tensor(6.9716)
690,tensor(3.8702),tensor(6.9524)
691,tensor(3.8871),tensor(6.9808)
692,tensor(3.8822),tensor(6.9508)
693,tensor(3.8643),tensor(6.9534)
694,tensor(3.8692),tensor(6.9530)
695,tensor(3.8721),tensor(6.9494)
696,tensor(3.8745),tensor(6.9370)
697,tensor(3.8596),tensor(6.9606)
698,tensor(3.8883),tensor(6.9608)
699,tensor(3.8709),tensor(6.9441)
700,tensor(3.8762),tensor(6.9615)
701,tensor(3.8837),tensor(6.9641)
702,tensor(3.8809),tensor(6.9404)
703,tensor(3.8596),tensor(6.9567)
704,tensor(3.8834),tensor(6.9617)
705,tensor(3.9056),tensor(6.9557)
706,tensor(3.8869),tensor(6.9622)
707,tensor(3.8844),tensor(6.9498)
708,tensor(3.8876),tensor(6.9628)
709,tensor(3.8821),tensor(6.9521)
710,tensor(3.8794),tensor(6.9596)
711,tensor(3.8886),tensor(6.9408)
712,tensor(3.8761),tensor(6.9451)
713,tensor(3.8710),tensor(6.9423)
714,tensor(3.8723),tensor(6.9549)
715,tensor(3.8663),tensor(6.9338)
716,tensor(3.8794),tensor(6.9592)
717,tensor(3.8695),tensor(6.9386)
718,tensor(3.8751),tensor(6.9413)
719,tensor(3.8783),tensor(6.9538)
720,tensor(3.8835),tensor(6.9477)
721,tensor(3.8838),tensor(6.9425)
722,tensor(3.8660),tensor(6.9360)
723,tensor(3.8693),tensor(6.9529)
724,tensor(3.8805),tensor(6.9317)
725,tensor(3.8788),tensor(6.9518)
726,tensor(3.8616),tensor(6.9428)
727,tensor(3.8735),tensor(6.9472)
728,tensor(3.8944),tensor(6.9578)
729,tensor(3.8755),tensor(6.9413)
730,tensor(3.8523),tensor(6.9351)
731,tensor(3.8855),tensor(6.9478)
732,tensor(3.8692),tensor(6.9304)
733,tensor(3.8767),tensor(6.9481)
734,tensor(3.8760),tensor(6.9379)
735,tensor(3.8738),tensor(6.9403)
736,tensor(3.8796),tensor(6.9437)
737,tensor(3.8887),tensor(6.9434)
738,tensor(3.8664),tensor(6.9393)
739,tensor(3.8757),tensor(6.9425)
740,tensor(3.8784),tensor(6.9460)
741,tensor(3.8676),tensor(6.9474)
742,tensor(3.8805),tensor(6.9425)
743,tensor(3.8737),tensor(6.9445)
744,tensor(3.8844),tensor(6.9334)
745,tensor(3.8913),tensor(6.9376)
746,tensor(3.8814),tensor(6.9611)
747,tensor(3.8740),tensor(6.9300)
748,tensor(3.8936),tensor(6.9671)
749,tensor(3.9057),tensor(6.9573)
750,tensor(3.8898),tensor(6.9414)
751,tensor(3.8631),tensor(6.9366)
752,tensor(3.8695),tensor(6.9479)
753,tensor(3.8669),tensor(6.9413)
754,tensor(3.8795),tensor(6.9549)
755,tensor(3.9033),tensor(6.9714)
756,tensor(3.8947),tensor(6.9666)
757,tensor(3.8764),tensor(6.9414)
758,tensor(3.8576),tensor(6.9278)
759,tensor(3.8644),tensor(6.9530)
760,tensor(3.8591),tensor(6.9534)
761,tensor(3.9074),tensor(6.9592)
762,tensor(3.8648),tensor(6.9416)
763,tensor(3.8866),tensor(6.9420)
764,tensor(3.8651),tensor(6.9378)
765,tensor(3.8737),tensor(6.9427)
766,tensor(3.8909),tensor(6.9390)
767,tensor(3.8593),tensor(6.9335)
768,tensor(3.8898),tensor(6.9528)
769,tensor(3.8729),tensor(6.9263)
770,tensor(3.8832),tensor(6.9432)
771,tensor(3.8663),tensor(6.9333)
772,tensor(3.8705),tensor(6.9386)
773,tensor(3.8634),tensor(6.9346)
774,tensor(3.9149),tensor(6.9569)
775,tensor(3.8882),tensor(6.9427)
776,tensor(3.8805),tensor(6.9346)
777,tensor(3.8932),tensor(6.9342)
778,tensor(3.8825),tensor(6.9228)
779,tensor(3.8703),tensor(6.9251)
780,tensor(3.8843),tensor(6.9392)
781,tensor(3.8664),tensor(6.9199)
782,tensor(3.8640),tensor(6.9297)
783,tensor(3.8881),tensor(6.9504)
784,tensor(3.8704),tensor(6.9142)
785,tensor(3.8719),tensor(6.9351)
786,tensor(3.8851),tensor(6.9302)
787,tensor(3.8636),tensor(6.9292)
788,tensor(3.8553),tensor(6.9355)
789,tensor(3.8677),tensor(6.9374)
790,tensor(3.8893),tensor(6.9470)
791,tensor(3.8827),tensor(6.9441)
792,tensor(3.8814),tensor(6.9441)
793,tensor(3.8733),tensor(6.9434)
794,tensor(3.8775),tensor(6.9544)
795,tensor(3.8853),tensor(6.9498)
796,tensor(3.8774),tensor(6.9478)
797,tensor(3.8717),tensor(6.9365)
798,tensor(3.8786),tensor(6.9457)
799,tensor(3.8748),tensor(6.9493)
800,tensor(3.8750),tensor(6.9486)
801,tensor(3.8727),tensor(6.9403)
802,tensor(3.8663),tensor(6.9483)
803,tensor(3.8842),tensor(6.9495)
804,tensor(3.8849),tensor(6.9449)
805,tensor(3.8824),tensor(6.9626)
806,tensor(3.8772),tensor(6.9423)
807,tensor(3.8579),tensor(6.9349)
808,tensor(3.8849),tensor(6.9467)
809,tensor(3.8547),tensor(6.9327)
810,tensor(3.8705),tensor(6.9376)
811,tensor(3.8766),tensor(6.9414)
812,tensor(3.8778),tensor(6.9454)
813,tensor(3.8705),tensor(6.9445)
814,tensor(3.8773),tensor(6.9324)
815,tensor(3.8751),tensor(6.9373)
816,tensor(3.8781),tensor(6.9387)
817,tensor(3.8556),tensor(6.9410)
818,tensor(3.8589),tensor(6.9447)
819,tensor(3.8751),tensor(6.9710)
820,tensor(3.8876),tensor(6.9568)
821,tensor(3.8726),tensor(6.9650)
822,tensor(3.8720),tensor(6.9368)
823,tensor(3.8798),tensor(6.9360)
824,tensor(3.8824),tensor(6.9587)
825,tensor(3.8702),tensor(6.9368)
826,tensor(3.8723),tensor(6.9516)
827,tensor(3.8563),tensor(6.9337)
828,tensor(3.8784),tensor(6.9438)
829,tensor(3.8683),tensor(6.9457)
830,tensor(3.8819),tensor(6.9491)
831,tensor(3.8741),tensor(6.9486)
832,tensor(3.8766),tensor(6.9421)
833,tensor(3.8799),tensor(6.9512)
834,tensor(3.8927),tensor(6.9500)
835,tensor(3.8905),tensor(6.9531)
836,tensor(3.8785),tensor(6.9515)
837,tensor(3.8754),tensor(6.9444)
838,tensor(3.8608),tensor(6.9491)
839,tensor(3.8676),tensor(6.9567)
840,tensor(3.8482),tensor(6.9440)
841,tensor(3.8846),tensor(6.9562)
842,tensor(3.8870),tensor(6.9510)
843,tensor(3.8651),tensor(6.9563)
844,tensor(3.8730),tensor(6.9292)
845,tensor(3.8974),tensor(6.9346)
846,tensor(3.8810),tensor(6.9563)
847,tensor(3.8771),tensor(6.9484)
848,tensor(3.8761),tensor(6.9568)
849,tensor(3.8798),tensor(6.9566)
850,tensor(3.8885),tensor(6.9480)
851,tensor(3.9131),tensor(6.9661)
852,tensor(3.8731),tensor(6.9398)
853,tensor(3.8837),tensor(6.9521)
854,tensor(3.8930),tensor(6.9448)
855,tensor(3.8739),tensor(6.9507)
856,tensor(3.8793),tensor(6.9362)
857,tensor(3.8646),tensor(6.9411)
858,tensor(3.8710),tensor(6.9405)
859,tensor(3.8882),tensor(6.9481)
860,tensor(3.8834),tensor(6.9470)
861,tensor(3.9048),tensor(6.9524)
862,tensor(3.8783),tensor(6.9357)
863,tensor(3.8641),tensor(6.9348)
864,tensor(3.8792),tensor(6.9355)
865,tensor(3.8631),tensor(6.9301)
866,tensor(3.8540),tensor(6.9405)
867,tensor(3.8788),tensor(6.9437)
868,tensor(3.8452),tensor(6.9373)
869,tensor(3.8827),tensor(6.9413)
870,tensor(3.8796),tensor(6.9437)
871,tensor(3.8804),tensor(6.9327)
872,tensor(3.8717),tensor(6.9421)
873,tensor(3.8645),tensor(6.9412)
874,tensor(3.8556),tensor(6.9409)
875,tensor(3.8662),tensor(6.9401)
876,tensor(3.8669),tensor(6.9428)
877,tensor(3.8755),tensor(6.9655)
878,tensor(3.8755),tensor(6.9474)
879,tensor(3.8818),tensor(6.9632)
880,tensor(3.8675),tensor(6.9549)
881,tensor(3.8820),tensor(6.9397)
882,tensor(3.8775),tensor(6.9300)
883,tensor(3.8580),tensor(6.9397)
884,tensor(3.8798),tensor(6.9514)
885,tensor(3.8745),tensor(6.9339)
886,tensor(3.8757),tensor(6.9422)
887,tensor(3.8815),tensor(6.9356)
888,tensor(3.8739),tensor(6.9420)
889,tensor(3.8740),tensor(6.9460)
890,tensor(3.8559),tensor(6.9503)
891,tensor(3.8740),tensor(6.9540)
892,tensor(3.8787),tensor(6.9495)
893,tensor(3.8621),tensor(6.9377)
894,tensor(3.8900),tensor(6.9506)
895,tensor(3.8962),tensor(6.9600)
896,tensor(3.8884),tensor(6.9458)
897,tensor(3.8986),tensor(6.9666)
898,tensor(3.8825),tensor(6.9372)
899,tensor(3.8785),tensor(6.9456)
900,tensor(3.8703),tensor(6.9508)
901,tensor(3.8835),tensor(6.9488)
902,tensor(3.8960),tensor(6.9570)
903,tensor(3.8587),tensor(6.9295)
904,tensor(3.8486),tensor(6.9298)
905,tensor(3.8831),tensor(6.9364)
906,tensor(3.8799),tensor(6.9391)
907,tensor(3.8847),tensor(6.9397)
908,tensor(3.8740),tensor(6.9319)
909,tensor(3.8739),tensor(6.9363)
910,tensor(3.8720),tensor(6.9324)
911,tensor(3.8944),tensor(6.9487)
912,tensor(3.8489),tensor(6.9345)
913,tensor(3.8584),tensor(6.9392)
914,tensor(3.8836),tensor(6.9433)
915,tensor(3.8823),tensor(6.9314)
916,tensor(3.8752),tensor(6.9503)
917,tensor(3.8907),tensor(6.9408)
918,tensor(3.8468),tensor(6.9350)
919,tensor(3.8698),tensor(6.9477)
920,tensor(3.8575),tensor(6.9431)
921,tensor(3.8732),tensor(6.9423)
922,tensor(3.8759),tensor(6.9463)
923,tensor(3.8800),tensor(6.9460)
924,tensor(3.8901),tensor(6.9487)
925,tensor(3.8596),tensor(6.9553)
926,tensor(3.8737),tensor(6.9458)
927,tensor(3.8644),tensor(6.9440)
928,tensor(3.8913),tensor(6.9501)
929,tensor(3.8833),tensor(6.9486)
930,tensor(3.9036),tensor(6.9511)
931,tensor(3.8759),tensor(6.9432)
932,tensor(3.8500),tensor(6.9455)
933,tensor(3.8916),tensor(6.9611)
934,tensor(3.8716),tensor(6.9398)
935,tensor(3.8558),tensor(6.9484)
936,tensor(3.8688),tensor(6.9602)
937,tensor(3.8699),tensor(6.9422)
938,tensor(3.8702),tensor(6.9431)
939,tensor(3.8902),tensor(6.9518)
940,tensor(3.8922),tensor(6.9400)
941,tensor(3.8717),tensor(6.9418)
942,tensor(3.8725),tensor(6.9448)
943,tensor(3.8644),tensor(6.9385)
944,tensor(3.8694),tensor(6.9520)
945,tensor(3.8823),tensor(6.9494)
946,tensor(3.8717),tensor(6.9523)
947,tensor(3.8642),tensor(6.9546)
948,tensor(3.8465),tensor(6.9514)
949,tensor(3.8919),tensor(6.9792)
950,tensor(3.8789),tensor(6.9598)
951,tensor(3.8834),tensor(6.9673)
952,tensor(3.8688),tensor(6.9477)
953,tensor(3.8776),tensor(6.9583)
954,tensor(3.8866),tensor(6.9548)
955,tensor(3.8572),tensor(6.9465)
956,tensor(3.8740),tensor(6.9588)
957,tensor(3.8583),tensor(6.9486)
958,tensor(3.8807),tensor(6.9529)
959,tensor(3.8824),tensor(6.9679)
960,tensor(3.8760),tensor(6.9475)
961,tensor(3.8767),tensor(6.9432)
962,tensor(3.8799),tensor(6.9428)
963,tensor(3.8754),tensor(6.9470)
964,tensor(3.8805),tensor(6.9532)
965,tensor(3.8623),tensor(6.9575)
966,tensor(3.8752),tensor(6.9609)
967,tensor(3.8770),tensor(6.9526)
968,tensor(3.8663),tensor(6.9624)
969,tensor(3.8515),tensor(6.9596)
970,tensor(3.8734),tensor(6.9664)
971,tensor(3.8582),tensor(6.9587)
972,tensor(3.8844),tensor(6.9489)
973,tensor(3.8664),tensor(6.9499)
974,tensor(3.8818),tensor(6.9504)
975,tensor(3.8823),tensor(6.9470)
976,tensor(3.8911),tensor(6.9645)
977,tensor(3.8643),tensor(6.9438)
978,tensor(3.8551),tensor(6.9524)
979,tensor(3.8560),tensor(6.9479)
980,tensor(3.8747),tensor(6.9453)
981,tensor(3.8901),tensor(6.9729)
982,tensor(3.8735),tensor(6.9473)
983,tensor(3.8915),tensor(6.9557)
984,tensor(3.8783),tensor(6.9426)
985,tensor(3.8588),tensor(6.9577)
986,tensor(4.1495),tensor(6.9764)
987,tensor(3.9436),tensor(6.9833)
988,tensor(3.9259),tensor(6.9717)
989,tensor(3.9207),tensor(6.9687)
990,tensor(3.9194),tensor(6.9710)
991,tensor(3.8986),tensor(6.9554)
992,tensor(3.8915),tensor(6.9643)
993,tensor(3.9075),tensor(6.9834)
994,tensor(3.8929),tensor(6.9731)
995,tensor(3.9005),tensor(6.9614)
996,tensor(3.8943),tensor(6.9667)
997,tensor(3.9004),tensor(6.9582)
998,tensor(3.8825),tensor(6.9491)
999,tensor(3.9000),tensor(6.9530)
1000,tensor(3.8882),tensor(6.9422)
1001,tensor(3.8874),tensor(6.9528)
1002,tensor(3.8785),tensor(6.9399)
1003,tensor(3.8692),tensor(6.9486)
1004,tensor(3.8767),tensor(6.9375)
1005,tensor(3.8731),tensor(6.9431)
1006,tensor(3.8793),tensor(6.9497)
1007,tensor(3.8795),tensor(6.9474)
1008,tensor(3.8704),tensor(6.9369)
1009,tensor(3.8573),tensor(6.9565)
1010,tensor(3.8537),tensor(6.9434)
1011,tensor(3.8811),tensor(6.9532)
1012,tensor(3.8770),tensor(6.9600)
1013,tensor(3.8694),tensor(6.9490)
1014,tensor(3.8787),tensor(6.9491)
1015,tensor(3.8615),tensor(6.9469)
1016,tensor(3.8579),tensor(6.9436)
1017,tensor(3.8624),tensor(6.9490)
1018,tensor(3.8549),tensor(6.9546)
1019,tensor(3.8588),tensor(6.9482)
1020,tensor(3.8901),tensor(6.9574)
1021,tensor(3.8784),tensor(6.9553)
1022,tensor(3.8730),tensor(6.9529)
1023,tensor(3.8893),tensor(6.9705)
1024,tensor(3.8797),tensor(6.9544)
1025,tensor(3.8647),tensor(6.9459)
1026,tensor(3.8855),tensor(6.9628)
1027,tensor(3.8640),tensor(6.9481)
1028,tensor(3.8740),tensor(6.9466)
1029,tensor(3.8610),tensor(6.9361)
1030,tensor(3.8636),tensor(6.9306)
1031,tensor(3.8579),tensor(6.9323)
1032,tensor(3.8785),tensor(6.9358)
1033,tensor(3.8742),tensor(6.9282)
1034,tensor(3.8708),tensor(6.9498)
1035,tensor(3.8881),tensor(6.9693)
1036,tensor(3.8797),tensor(6.9473)
1037,tensor(3.8674),tensor(6.9470)
1038,tensor(3.8908),tensor(6.9522)
1039,tensor(3.8607),tensor(6.9318)
1040,tensor(3.8667),tensor(6.9547)
1041,tensor(3.9071),tensor(6.9533)
1042,tensor(3.8932),tensor(6.9558)
1043,tensor(3.8600),tensor(6.9375)
1044,tensor(3.8678),tensor(6.9473)
1045,tensor(3.8755),tensor(6.9428)
1046,tensor(3.8745),tensor(6.9367)
1047,tensor(3.8652),tensor(6.9514)
1048,tensor(3.8875),tensor(6.9531)
1049,tensor(3.8917),tensor(6.9518)
1050,tensor(3.8876),tensor(6.9559)
1051,tensor(3.8451),tensor(6.9413)
1052,tensor(3.8682),tensor(6.9601)
1053,tensor(3.8827),tensor(6.9455)
1054,tensor(3.8843),tensor(6.9562)
1055,tensor(3.8671),tensor(6.9513)
1056,tensor(3.8640),tensor(6.9515)
1057,tensor(3.8712),tensor(6.9513)
1058,tensor(3.8803),tensor(6.9469)
1059,tensor(3.8703),tensor(6.9513)
1060,tensor(3.8792),tensor(6.9490)
1061,tensor(3.8847),tensor(6.9636)
1062,tensor(3.8866),tensor(6.9469)
1063,tensor(3.8714),tensor(6.9431)
1064,tensor(3.8721),tensor(6.9448)
1065,tensor(3.8784),tensor(6.9609)
1066,tensor(3.8676),tensor(6.9548)
1067,tensor(3.8722),tensor(6.9653)
1068,tensor(3.8881),tensor(6.9408)
1069,tensor(3.8578),tensor(6.9427)
1070,tensor(3.8854),tensor(6.9544)
1071,tensor(3.8847),tensor(6.9538)
1072,tensor(3.8847),tensor(6.9453)
1073,tensor(3.8816),tensor(6.9357)
1074,tensor(3.8824),tensor(6.9408)
1075,tensor(3.8930),tensor(6.9554)
1076,tensor(3.8631),tensor(6.9499)
1077,tensor(3.8809),tensor(6.9571)
1078,tensor(3.8658),tensor(6.9648)
1079,tensor(3.8874),tensor(6.9642)
1080,tensor(3.8743),tensor(6.9551)
1081,tensor(3.8740),tensor(6.9607)
1082,tensor(3.8590),tensor(6.9616)
1083,tensor(3.8878),tensor(6.9671)
1084,tensor(3.8591),tensor(6.9479)
1085,tensor(3.8681),tensor(6.9447)
1086,tensor(3.8754),tensor(6.9529)
1087,tensor(3.8736),tensor(6.9520)
1088,tensor(3.8804),tensor(6.9561)
1089,tensor(3.8731),tensor(6.9505)
1090,tensor(3.8635),tensor(6.9415)
1091,tensor(3.8782),tensor(6.9537)
1092,tensor(3.8774),tensor(6.9489)
1093,tensor(3.8739),tensor(6.9643)
1094,tensor(3.8759),tensor(6.9506)
1095,tensor(3.8739),tensor(6.9615)
1096,tensor(3.8691),tensor(6.9479)
1097,tensor(3.8643),tensor(6.9655)
1098,tensor(3.8899),tensor(6.9749)
1099,tensor(3.8521),tensor(6.9431)
1100,tensor(3.8645),tensor(6.9471)
1101,tensor(4.0844),tensor(6.9814)
1102,tensor(3.9199),tensor(6.9574)
1103,tensor(3.9077),tensor(6.9582)
1104,tensor(3.9172),tensor(6.9532)
1105,tensor(3.9080),tensor(6.9393)
1106,tensor(3.9125),tensor(6.9506)
1107,tensor(3.9139),tensor(6.9444)
1108,tensor(3.8740),tensor(6.9457)
1109,tensor(3.8875),tensor(6.9559)
1110,tensor(3.8900),tensor(6.9527)
1111,tensor(3.8983),tensor(6.9437)
1112,tensor(3.8838),tensor(6.9501)
1113,tensor(3.8859),tensor(6.9468)
1114,tensor(3.8717),tensor(6.9292)
1115,tensor(3.8878),tensor(6.9530)
1116,tensor(3.8807),tensor(6.9292)
1117,tensor(3.8729),tensor(6.9479)
1118,tensor(3.8841),tensor(6.9381)
1119,tensor(3.8677),tensor(6.9407)
1120,tensor(3.8653),tensor(6.9473)
1121,tensor(3.8796),tensor(6.9582)
1122,tensor(3.8752),tensor(6.9550)
1123,tensor(3.8917),tensor(6.9547)
1124,tensor(3.8859),tensor(6.9471)
1125,tensor(3.8982),tensor(6.9587)
1126,tensor(3.8510),tensor(6.9333)
1127,tensor(3.8793),tensor(6.9439)
1128,tensor(3.8795),tensor(6.9347)
1129,tensor(3.8905),tensor(6.9371)
1130,tensor(3.8793),tensor(6.9420)
1131,tensor(3.8874),tensor(6.9399)
1132,tensor(3.8856),tensor(6.9375)
1133,tensor(3.8772),tensor(6.9348)
1134,tensor(3.8624),tensor(6.9283)
1135,tensor(3.8731),tensor(6.9445)
1136,tensor(3.8556),tensor(6.9375)
1137,tensor(3.8785),tensor(6.9452)
1138,tensor(3.8722),tensor(6.9419)
1139,tensor(3.8871),tensor(6.9485)
1140,tensor(3.8811),tensor(6.9412)
1141,tensor(3.8691),tensor(6.9464)
1142,tensor(3.8974),tensor(6.9633)
1143,tensor(3.8681),tensor(6.9356)
1144,tensor(3.8651),tensor(6.9463)
1145,tensor(3.8835),tensor(6.9389)
1146,tensor(3.8806),tensor(6.9419)
1147,tensor(3.8926),tensor(6.9607)
1148,tensor(3.8770),tensor(6.9435)
1149,tensor(3.8704),tensor(6.9563)
1150,tensor(3.8842),tensor(6.9553)
1151,tensor(3.8919),tensor(6.9649)
1152,tensor(3.8748),tensor(6.9421)
1153,tensor(3.8885),tensor(6.9610)
1154,tensor(3.8912),tensor(6.9565)
1155,tensor(3.9069),tensor(6.9540)
1156,tensor(3.8808),tensor(6.9586)
1157,tensor(3.9039),tensor(6.9483)
1158,tensor(3.8962),tensor(6.9409)
1159,tensor(3.8994),tensor(6.9712)
1160,tensor(3.8925),tensor(6.9749)
1161,tensor(3.8864),tensor(6.9610)
1162,tensor(3.8856),tensor(6.9620)
1163,tensor(3.8848),tensor(6.9560)
1164,tensor(3.8827),tensor(6.9464)
1165,tensor(3.8866),tensor(6.9467)
1166,tensor(3.8822),tensor(6.9385)
1167,tensor(3.8782),tensor(6.9579)
1168,tensor(3.8926),tensor(6.9571)
1169,tensor(3.8669),tensor(6.9459)
1170,tensor(3.8901),tensor(6.9615)
1171,tensor(3.8693),tensor(6.9439)
1172,tensor(3.8752),tensor(6.9568)
1173,tensor(3.8709),tensor(6.9421)
1174,tensor(3.8669),tensor(6.9455)
1175,tensor(3.8748),tensor(6.9494)
1176,tensor(3.8686),tensor(6.9393)
1177,tensor(3.8746),tensor(6.9331)
1178,tensor(3.8829),tensor(6.9411)
1179,tensor(3.8606),tensor(6.9341)
1180,tensor(3.8807),tensor(6.9463)
1181,tensor(3.8630),tensor(6.9421)
1182,tensor(3.8667),tensor(6.9545)
1183,tensor(3.8684),tensor(6.9486)
1184,tensor(3.8740),tensor(6.9616)
1185,tensor(3.8735),tensor(6.9480)
1186,tensor(3.8929),tensor(6.9762)
1187,tensor(3.8734),tensor(6.9414)
1188,tensor(3.8739),tensor(6.9486)
1189,tensor(3.8694),tensor(6.9407)
1190,tensor(3.8736),tensor(6.9552)
1191,tensor(3.8413),tensor(6.9419)
1192,tensor(3.8758),tensor(6.9501)
1193,tensor(3.8805),tensor(6.9441)
1194,tensor(3.8776),tensor(6.9487)
1195,tensor(3.8500),tensor(6.9497)
1196,tensor(3.8593),tensor(6.9577)
1197,tensor(3.8775),tensor(6.9638)
1198,tensor(3.8834),tensor(6.9682)
1199,tensor(3.8685),tensor(6.9537)
1200,tensor(3.9482),tensor(7.0075)
1201,tensor(3.9154),tensor(6.9771)
1202,tensor(3.8942),tensor(6.9557)
1203,tensor(3.8705),tensor(6.9563)
1204,tensor(3.8849),tensor(6.9532)
1205,tensor(3.8831),tensor(6.9505)
1206,tensor(3.8961),tensor(6.9585)
1207,tensor(3.8748),tensor(6.9533)
1208,tensor(3.8871),tensor(6.9604)
1209,tensor(3.9024),tensor(6.9516)
1210,tensor(3.8976),tensor(6.9685)
1211,tensor(3.8823),tensor(6.9641)
1212,tensor(3.8764),tensor(6.9665)
1213,tensor(3.8713),tensor(6.9518)
1214,tensor(3.8918),tensor(6.9621)
1215,tensor(3.8906),tensor(6.9572)
1216,tensor(3.8817),tensor(6.9422)
1217,tensor(3.8751),tensor(6.9433)
1218,tensor(3.8688),tensor(6.9507)
1219,tensor(3.8725),tensor(6.9451)
1220,tensor(3.8816),tensor(6.9471)
1221,tensor(3.8697),tensor(6.9474)
1222,tensor(3.8787),tensor(6.9486)
1223,tensor(3.8787),tensor(6.9495)
1224,tensor(3.8714),tensor(6.9560)
1225,tensor(3.8979),tensor(6.9655)
1226,tensor(3.8850),tensor(6.9575)
1227,tensor(3.8812),tensor(6.9529)
1228,tensor(3.8777),tensor(6.9387)
1229,tensor(3.8657),tensor(6.9478)
1230,tensor(3.8772),tensor(6.9496)
1231,tensor(3.8669),tensor(6.9445)
1232,tensor(3.8717),tensor(6.9520)
1233,tensor(3.8908),tensor(6.9496)
1234,tensor(3.8778),tensor(6.9571)
1235,tensor(3.8933),tensor(6.9634)
1236,tensor(3.9005),tensor(6.9721)
1237,tensor(3.8671),tensor(6.9414)
1238,tensor(3.8618),tensor(6.9433)
1239,tensor(3.8903),tensor(6.9500)
1240,tensor(3.8898),tensor(6.9518)
1241,tensor(3.8792),tensor(6.9453)
1242,tensor(3.8693),tensor(6.9421)
1243,tensor(3.8782),tensor(6.9677)
1244,tensor(3.8897),tensor(6.9487)
1245,tensor(3.8890),tensor(6.9496)
1246,tensor(3.8612),tensor(6.9387)
1247,tensor(3.8622),tensor(6.9478)
1248,tensor(3.8827),tensor(6.9599)
1249,tensor(3.9236),tensor(6.9692)
1250,tensor(3.9226),tensor(6.9668)
1251,tensor(3.9156),tensor(6.9583)
1252,tensor(3.8853),tensor(6.9456)
1253,tensor(3.8868),tensor(6.9437)
1254,tensor(3.8718),tensor(6.9410)
1255,tensor(3.8766),tensor(6.9472)
1256,tensor(3.8777),tensor(6.9398)
1257,tensor(3.8770),tensor(6.9590)
1258,tensor(3.8485),tensor(6.9376)
1259,tensor(3.8774),tensor(6.9488)
1260,tensor(3.8666),tensor(6.9467)
1261,tensor(3.8555),tensor(6.9496)
1262,tensor(3.8921),tensor(6.9639)
1263,tensor(3.8788),tensor(6.9436)
1264,tensor(3.8984),tensor(6.9507)
1265,tensor(3.9052),tensor(6.9467)
1266,tensor(3.8787),tensor(6.9321)
1267,tensor(3.8812),tensor(6.9301)
1268,tensor(3.8944),tensor(6.9507)
1269,tensor(3.8744),tensor(6.9321)
1270,tensor(3.9046),tensor(6.9617)
1271,tensor(3.8681),tensor(6.9531)
1272,tensor(3.8851),tensor(6.9581)
1273,tensor(3.8770),tensor(6.9576)
1274,tensor(4.0113),tensor(6.9800)
1275,tensor(3.9744),tensor(7.0757)
1276,tensor(3.9842),tensor(7.0819)
1277,tensor(3.9880),tensor(7.0819)
1278,tensor(3.9849),tensor(7.0666)
1279,tensor(3.9799),tensor(7.0615)
1280,tensor(3.9583),tensor(7.0345)
1281,tensor(3.9474),tensor(7.0147)
1282,tensor(3.9215),tensor(7.0110)
1283,tensor(3.9255),tensor(6.9946)
1284,tensor(3.9129),tensor(6.9953)
1285,tensor(3.9147),tensor(6.9896)
1286,tensor(3.9173),tensor(6.9864)
1287,tensor(3.9101),tensor(7.0005)
1288,tensor(3.8948),tensor(6.9851)
1289,tensor(3.9015),tensor(6.9931)
1290,tensor(3.9013),tensor(6.9746)
1291,tensor(3.9165),tensor(7.0070)
1292,tensor(3.9117),tensor(6.9831)
1293,tensor(3.9188),tensor(6.9930)
1294,tensor(3.8940),tensor(6.9654)
1295,tensor(3.9052),tensor(6.9707)
1296,tensor(3.9003),tensor(6.9735)
1297,tensor(3.8891),tensor(6.9569)
1298,tensor(3.9081),tensor(6.9875)
1299,tensor(3.8905),tensor(6.9567)
1300,tensor(3.9104),tensor(6.9613)
1301,tensor(3.9194),tensor(6.9714)
1302,tensor(3.8994),tensor(6.9493)
1303,tensor(3.9056),tensor(6.9578)
1304,tensor(3.8963),tensor(6.9599)
1305,tensor(3.9068),tensor(6.9663)
1306,tensor(3.8963),tensor(6.9509)
1307,tensor(3.9077),tensor(6.9524)
1308,tensor(3.8963),tensor(6.9512)
1309,tensor(3.8822),tensor(6.9375)
1310,tensor(3.8866),tensor(6.9399)
1311,tensor(3.8969),tensor(6.9302)
1312,tensor(3.8793),tensor(6.9321)
1313,tensor(3.8945),tensor(6.9421)
1314,tensor(3.8866),tensor(6.9396)
1315,tensor(3.9057),tensor(6.9452)
1316,tensor(3.9024),tensor(6.9453)
1317,tensor(3.8969),tensor(6.9472)
1318,tensor(3.9106),tensor(6.9699)
1319,tensor(3.8870),tensor(6.9464)
1320,tensor(3.8779),tensor(6.9551)
1321,tensor(3.8914),tensor(6.9573)
1322,tensor(3.8974),tensor(6.9510)
1323,tensor(3.8810),tensor(6.9262)
1324,tensor(3.8878),tensor(6.9517)
1325,tensor(3.9028),tensor(6.9391)
1326,tensor(3.9017),tensor(6.9419)
1327,tensor(3.9144),tensor(6.9407)
1328,tensor(3.9072),tensor(6.9347)
1329,tensor(3.8885),tensor(6.9354)
1330,tensor(3.8807),tensor(6.9319)
1331,tensor(3.8856),tensor(6.9465)
1332,tensor(3.8842),tensor(6.9398)
1333,tensor(3.8909),tensor(6.9552)
1334,tensor(3.9234),tensor(6.9502)
1335,tensor(3.9043),tensor(6.9610)
1336,tensor(3.9014),tensor(6.9646)
1337,tensor(3.9145),tensor(6.9509)
1338,tensor(3.9323),tensor(6.9742)
1339,tensor(3.8944),tensor(6.9287)
1340,tensor(3.8843),tensor(6.9407)
1341,tensor(3.9008),tensor(6.9434)
1342,tensor(3.8838),tensor(6.9399)
1343,tensor(3.8887),tensor(6.9337)
1344,tensor(3.8942),tensor(6.9444)
1345,tensor(3.8855),tensor(6.9545)
1346,tensor(3.8858),tensor(6.9360)
1347,tensor(3.8744),tensor(6.9631)
1348,tensor(3.8883),tensor(6.9401)
1349,tensor(3.8994),tensor(6.9550)
1350,tensor(3.8835),tensor(6.9380)
1351,tensor(3.8894),tensor(6.9485)
1352,tensor(3.8933),tensor(6.9504)
1353,tensor(3.8898),tensor(6.9419)
1354,tensor(3.8887),tensor(6.9374)
1355,tensor(3.9002),tensor(6.9448)
1356,tensor(3.8758),tensor(6.9383)
1357,tensor(3.8858),tensor(6.9401)
1358,tensor(3.8750),tensor(6.9254)
1359,tensor(3.8790),tensor(6.9388)
1360,tensor(3.8931),tensor(6.9345)
1361,tensor(3.8848),tensor(6.9332)
1362,tensor(3.8829),tensor(6.9311)
1363,tensor(3.8942),tensor(6.9393)
1364,tensor(3.9027),tensor(6.9430)
1365,tensor(3.8870),tensor(6.9529)
1366,tensor(3.9173),tensor(6.9426)
1367,tensor(3.8970),tensor(6.9362)
1368,tensor(3.9035),tensor(6.9317)
1369,tensor(3.8876),tensor(6.9288)
1370,tensor(3.8791),tensor(6.9457)
1371,tensor(3.8994),tensor(6.9630)
1372,tensor(3.8909),tensor(6.9461)
1373,tensor(3.9058),tensor(6.9502)
1374,tensor(3.8792),tensor(6.9282)
1375,tensor(3.8863),tensor(6.9504)
1376,tensor(3.8811),tensor(6.9392)
1377,tensor(3.8811),tensor(6.9481)
1378,tensor(3.8919),tensor(6.9587)
1379,tensor(3.8892),tensor(6.9355)
1380,tensor(3.8988),tensor(6.9605)
1381,tensor(3.9120),tensor(6.9513)
1382,tensor(3.8805),tensor(6.9333)
1383,tensor(3.8881),tensor(6.9378)
1384,tensor(3.9001),tensor(6.9468)
1385,tensor(3.8725),tensor(6.9403)
1386,tensor(3.8632),tensor(6.9357)
1387,tensor(3.8791),tensor(6.9500)
1388,tensor(3.8717),tensor(6.9461)
1389,tensor(3.8866),tensor(6.9556)
1390,tensor(3.8807),tensor(6.9373)
1391,tensor(3.8921),tensor(6.9516)
1392,tensor(3.8713),tensor(6.9352)
1393,tensor(3.8841),tensor(6.9394)
1394,tensor(3.8844),tensor(6.9342)
1395,tensor(3.8870),tensor(6.9436)
1396,tensor(3.8760),tensor(6.9454)
1397,tensor(3.8770),tensor(6.9274)
1398,tensor(3.9020),tensor(6.9456)
1399,tensor(3.9009),tensor(6.9550)
1400,tensor(3.8893),tensor(6.9355)
1401,tensor(3.8757),tensor(6.9389)
1402,tensor(3.8830),tensor(6.9401)
1403,tensor(3.8925),tensor(6.9461)
1404,tensor(3.8839),tensor(6.9409)
1405,tensor(3.9095),tensor(6.9503)
1406,tensor(3.8969),tensor(6.9480)
1407,tensor(3.8907),tensor(6.9416)
1408,tensor(3.8764),tensor(6.9335)
1409,tensor(3.8919),tensor(6.9553)
1410,tensor(3.8806),tensor(6.9452)
1411,tensor(3.8737),tensor(6.9331)
1412,tensor(3.8916),tensor(6.9430)
1413,tensor(3.9010),tensor(6.9431)
1414,tensor(3.8859),tensor(6.9431)
1415,tensor(3.8817),tensor(6.9396)
1416,tensor(3.8805),tensor(6.9540)
1417,tensor(3.8945),tensor(6.9458)
1418,tensor(3.8887),tensor(6.9414)
1419,tensor(3.8856),tensor(6.9421)
1420,tensor(3.8763),tensor(6.9368)
1421,tensor(3.8893),tensor(6.9446)
1422,tensor(3.9007),tensor(6.9537)
1423,tensor(3.8820),tensor(6.9398)
1424,tensor(3.8773),tensor(6.9469)
1425,tensor(3.8801),tensor(6.9429)
1426,tensor(3.8956),tensor(6.9565)
1427,tensor(3.8765),tensor(6.9405)
1428,tensor(3.8845),tensor(6.9549)
1429,tensor(3.8723),tensor(6.9387)
1430,tensor(3.8782),tensor(6.9488)
1431,tensor(3.8788),tensor(6.9596)
1432,tensor(3.8923),tensor(6.9364)
1433,tensor(3.8913),tensor(6.9437)
1434,tensor(3.8935),tensor(6.9468)
1435,tensor(3.8791),tensor(6.9617)
1436,tensor(3.8741),tensor(6.9576)
1437,tensor(3.8923),tensor(6.9522)
1438,tensor(3.8940),tensor(6.9554)
1439,tensor(3.8890),tensor(6.9593)
1440,tensor(3.9393),tensor(6.9824)
1441,tensor(3.9185),tensor(6.9792)
1442,tensor(3.9016),tensor(6.9637)
1443,tensor(3.9057),tensor(6.9751)
1444,tensor(3.8917),tensor(6.9635)
1445,tensor(3.9096),tensor(6.9689)
1446,tensor(3.8836),tensor(6.9629)
1447,tensor(3.8925),tensor(6.9685)
1448,tensor(3.8985),tensor(6.9627)
1449,tensor(3.8876),tensor(6.9494)
1450,tensor(3.8802),tensor(6.9404)
1451,tensor(3.8855),tensor(6.9508)
1452,tensor(3.8799),tensor(6.9537)
1453,tensor(3.8719),tensor(6.9442)
1454,tensor(3.8891),tensor(6.9470)
1455,tensor(3.8760),tensor(6.9460)
1456,tensor(3.8900),tensor(6.9426)
1457,tensor(3.8706),tensor(6.9365)
1458,tensor(3.8795),tensor(6.9431)
1459,tensor(3.8800),tensor(6.9446)
1460,tensor(3.8974),tensor(6.9574)
1461,tensor(3.8879),tensor(6.9505)
1462,tensor(3.8924),tensor(6.9562)
1463,tensor(3.8851),tensor(6.9504)
1464,tensor(3.8829),tensor(6.9518)
1465,tensor(3.8703),tensor(6.9425)
1466,tensor(3.8836),tensor(6.9530)
1467,tensor(3.8994),tensor(6.9474)
1468,tensor(3.8932),tensor(6.9536)
1469,tensor(3.8862),tensor(6.9417)
1470,tensor(3.8726),tensor(6.9471)
1471,tensor(3.8862),tensor(6.9448)
1472,tensor(3.8731),tensor(6.9403)
1473,tensor(3.8749),tensor(6.9380)
1474,tensor(3.8729),tensor(6.9423)
1475,tensor(3.8914),tensor(6.9367)
1476,tensor(3.8901),tensor(6.9480)
1477,tensor(3.8884),tensor(6.9448)
1478,tensor(3.8941),tensor(6.9483)
1479,tensor(3.8942),tensor(6.9470)
1480,tensor(3.8861),tensor(6.9456)
1481,tensor(3.8841),tensor(6.9515)
1482,tensor(3.8709),tensor(6.9467)
1483,tensor(3.8779),tensor(6.9508)
1484,tensor(3.8918),tensor(6.9595)
1485,tensor(3.8645),tensor(6.9382)
1486,tensor(3.9031),tensor(6.9631)
1487,tensor(3.8924),tensor(6.9473)
1488,tensor(3.8991),tensor(6.9551)
1489,tensor(3.8888),tensor(6.9491)
1490,tensor(3.8780),tensor(6.9609)
1491,tensor(3.8827),tensor(6.9544)
1492,tensor(3.8910),tensor(6.9607)
1493,tensor(3.9286),tensor(6.9474)
1494,tensor(3.8858),tensor(6.9488)
1495,tensor(3.8804),tensor(6.9513)
1496,tensor(3.9005),tensor(6.9635)
1497,tensor(3.8960),tensor(6.9562)
1498,tensor(3.8704),tensor(6.9418)
1499,tensor(3.8807),tensor(6.9504)
1500,tensor(3.8938),tensor(6.9564)
1501,tensor(3.9268),tensor(6.9740)
1502,tensor(3.8794),tensor(6.9703)
1503,tensor(3.9121),tensor(6.9631)
1504,tensor(3.8883),tensor(6.9488)
1505,tensor(3.8807),tensor(6.9498)
1506,tensor(3.8812),tensor(6.9422)
1507,tensor(3.8892),tensor(6.9476)
1508,tensor(3.8978),tensor(6.9659)
1509,tensor(3.8868),tensor(6.9513)
1510,tensor(3.8763),tensor(6.9495)
1511,tensor(3.8819),tensor(6.9553)
1512,tensor(3.8653),tensor(6.9495)
1513,tensor(3.8986),tensor(6.9644)
1514,tensor(3.8914),tensor(6.9503)
1515,tensor(3.8783),tensor(6.9560)
1516,tensor(3.8899),tensor(6.9450)
1517,tensor(3.8776),tensor(6.9552)
1518,tensor(3.8767),tensor(6.9520)
1519,tensor(3.8743),tensor(6.9479)
1520,tensor(3.8755),tensor(6.9494)
1521,tensor(3.8940),tensor(6.9603)
1522,tensor(3.8936),tensor(6.9644)
1523,tensor(3.8830),tensor(6.9558)
1524,tensor(3.9047),tensor(6.9716)
1525,tensor(3.8883),tensor(6.9452)
1526,tensor(3.8845),tensor(6.9540)
1527,tensor(3.8744),tensor(6.9431)
1528,tensor(3.9199),tensor(6.9591)
1529,tensor(3.8962),tensor(6.9469)
1530,tensor(3.8828),tensor(6.9442)
1531,tensor(3.8968),tensor(6.9454)
1532,tensor(3.8822),tensor(6.9441)
1533,tensor(3.8868),tensor(6.9423)
1534,tensor(3.8870),tensor(6.9604)
1535,tensor(3.8772),tensor(6.9529)
1536,tensor(3.8865),tensor(6.9624)
1537,tensor(3.8932),tensor(6.9552)
1538,tensor(3.8923),tensor(6.9660)
1539,tensor(3.8800),tensor(6.9582)
1540,tensor(3.8826),tensor(6.9719)
1541,tensor(3.8844),tensor(6.9702)
1542,tensor(3.8902),tensor(6.9658)
1543,tensor(3.8719),tensor(6.9524)
1544,tensor(3.8979),tensor(6.9883)
1545,tensor(3.8922),tensor(6.9599)
1546,tensor(3.9002),tensor(6.9620)
1547,tensor(3.8912),tensor(6.9626)
1548,tensor(3.8851),tensor(6.9662)
1549,tensor(3.8950),tensor(6.9641)
1550,tensor(3.8682),tensor(6.9562)
1551,tensor(3.8809),tensor(6.9662)
1552,tensor(3.8949),tensor(6.9701)
1553,tensor(3.8740),tensor(6.9559)
1554,tensor(3.9104),tensor(6.9672)
1555,tensor(3.8778),tensor(6.9575)
1556,tensor(3.8935),tensor(6.9720)
1557,tensor(3.8857),tensor(6.9651)
1558,tensor(3.8925),tensor(6.9601)
1559,tensor(3.8799),tensor(6.9485)
1560,tensor(3.8969),tensor(6.9639)
1561,tensor(3.8797),tensor(6.9630)
1562,tensor(3.8888),tensor(6.9637)
1563,tensor(3.8963),tensor(6.9674)
1564,tensor(3.8869),tensor(6.9624)
1565,tensor(3.8852),tensor(6.9566)
1566,tensor(3.8815),tensor(6.9602)
1567,tensor(3.8988),tensor(6.9653)
1568,tensor(3.8992),tensor(6.9685)
1569,tensor(3.8757),tensor(6.9569)
1570,tensor(3.8836),tensor(6.9641)
1571,tensor(3.8846),tensor(6.9544)
1572,tensor(3.8832),tensor(6.9541)
1573,tensor(3.9042),tensor(6.9671)
1574,tensor(3.8958),tensor(6.9512)
1575,tensor(3.8889),tensor(6.9566)
1576,tensor(3.8788),tensor(6.9430)
1577,tensor(3.8931),tensor(6.9639)
1578,tensor(3.8908),tensor(6.9502)
1579,tensor(3.8936),tensor(6.9526)
1580,tensor(3.8914),tensor(6.9421)
1581,tensor(3.8799),tensor(6.9480)
1582,tensor(3.9037),tensor(6.9583)
1583,tensor(3.8818),tensor(6.9412)
1584,tensor(3.8783),tensor(6.9387)
1585,tensor(3.8964),tensor(6.9367)
1586,tensor(3.8840),tensor(6.9384)
1587,tensor(3.9014),tensor(6.9438)
1588,tensor(3.8929),tensor(6.9494)
1589,tensor(3.9002),tensor(6.9735)
1590,tensor(3.8988),tensor(6.9556)
1591,tensor(3.8672),tensor(6.9532)
1592,tensor(3.8772),tensor(6.9568)
1593,tensor(3.8823),tensor(6.9554)
1594,tensor(3.8828),tensor(6.9652)
1595,tensor(3.8728),tensor(6.9476)
1596,tensor(3.8607),tensor(6.9461)
1597,tensor(3.8739),tensor(6.9474)
1598,tensor(3.8999),tensor(6.9469)
1599,tensor(3.8877),tensor(6.9614)
1600,tensor(3.8728),tensor(6.9403)
1601,tensor(3.8801),tensor(6.9454)
1602,tensor(3.8872),tensor(6.9579)
1603,tensor(3.8847),tensor(6.9429)
1604,tensor(3.8727),tensor(6.9498)
1605,tensor(3.8901),tensor(6.9442)
1606,tensor(3.8824),tensor(6.9635)
1607,tensor(3.8898),tensor(6.9550)
1608,tensor(3.8998),tensor(6.9685)
1609,tensor(3.8789),tensor(6.9492)
1610,tensor(3.8906),tensor(6.9728)
1611,tensor(3.8811),tensor(6.9410)
1612,tensor(3.8983),tensor(6.9557)
1613,tensor(3.8866),tensor(6.9432)
1614,tensor(3.8982),tensor(6.9511)
1615,tensor(3.8790),tensor(6.9490)
1616,tensor(3.8720),tensor(6.9499)
1617,tensor(3.8645),tensor(6.9559)
1618,tensor(3.8581),tensor(6.9397)
1619,tensor(3.8756),tensor(6.9523)
1620,tensor(3.8794),tensor(6.9481)
1621,tensor(3.8957),tensor(6.9629)
1622,tensor(3.8990),tensor(6.9672)
1623,tensor(3.8956),tensor(6.9601)
1624,tensor(3.9005),tensor(6.9783)
1625,tensor(3.9010),tensor(6.9769)
1626,tensor(3.8966),tensor(6.9670)
1627,tensor(3.9953),tensor(6.9634)
1628,tensor(3.9164),tensor(6.9873)
1629,tensor(3.9014),tensor(6.9654)
1630,tensor(3.8961),tensor(6.9581)
1631,tensor(3.8912),tensor(6.9546)
1632,tensor(3.8908),tensor(6.9563)
1633,tensor(3.8655),tensor(6.9417)
1634,tensor(3.8860),tensor(6.9527)
1635,tensor(3.8774),tensor(6.9430)
1636,tensor(3.8912),tensor(6.9534)
1637,tensor(3.8671),tensor(6.9493)
1638,tensor(3.8632),tensor(6.9510)
1639,tensor(3.8850),tensor(6.9585)
1640,tensor(3.8951),tensor(6.9592)
1641,tensor(3.8827),tensor(6.9751)
1642,tensor(3.8779),tensor(6.9581)
1643,tensor(3.8882),tensor(6.9581)
1644,tensor(3.8839),tensor(6.9551)
1645,tensor(3.8871),tensor(6.9543)
1646,tensor(3.8920),tensor(6.9537)
1647,tensor(3.8830),tensor(6.9463)
1648,tensor(3.8853),tensor(6.9587)
1649,tensor(3.8797),tensor(6.9540)
1650,tensor(3.8951),tensor(6.9572)
1651,tensor(3.8823),tensor(6.9532)
1652,tensor(3.8867),tensor(6.9611)
1653,tensor(3.8624),tensor(6.9443)
1654,tensor(3.8870),tensor(6.9695)
1655,tensor(3.9891),tensor(7.0505)
1656,tensor(4.0077),tensor(7.0627)
1657,tensor(3.9997),tensor(7.0725)
1658,tensor(3.9726),tensor(7.0459)
1659,tensor(3.9585),tensor(7.0260)
1660,tensor(3.9783),tensor(7.0510)
1661,tensor(3.9665),tensor(7.0263)
1662,tensor(3.9464),tensor(7.0151)
1663,tensor(3.9470),tensor(7.0181)
1664,tensor(3.9455),tensor(7.0175)
1665,tensor(3.9506),tensor(7.0135)
1666,tensor(3.9406),tensor(6.9948)
1667,tensor(3.9306),tensor(7.0003)
1668,tensor(3.9110),tensor(7.0100)
1669,tensor(3.9403),tensor(6.9929)
1670,tensor(3.9319),tensor(6.9927)
1671,tensor(3.9136),tensor(6.9813)
1672,tensor(3.9179),tensor(6.9910)
1673,tensor(3.9434),tensor(6.9547)
1674,tensor(3.9145),tensor(6.9880)
1675,tensor(3.9030),tensor(6.9578)
1676,tensor(3.8964),tensor(6.9652)
1677,tensor(3.9080),tensor(6.9698)
1678,tensor(3.9082),tensor(6.9686)
1679,tensor(3.8962),tensor(6.9694)
1680,tensor(3.8985),tensor(6.9894)
1681,tensor(3.9071),tensor(6.9955)
1682,tensor(3.9064),tensor(6.9718)
1683,tensor(3.9031),tensor(6.9694)
1684,tensor(3.8890),tensor(6.9557)
1685,tensor(3.9059),tensor(6.9660)
1686,tensor(3.8994),tensor(6.9514)
1687,tensor(3.8961),tensor(6.9480)
1688,tensor(3.8820),tensor(6.9454)
1689,tensor(3.8945),tensor(6.9409)
1690,tensor(3.9059),tensor(6.9569)
1691,tensor(3.9027),tensor(6.9438)
1692,tensor(3.9177),tensor(6.9696)
1693,tensor(3.8749),tensor(6.9362)
1694,tensor(3.8994),tensor(6.9642)
1695,tensor(3.8888),tensor(6.9345)
1696,tensor(3.8817),tensor(6.9435)
1697,tensor(3.8941),tensor(6.9422)
1698,tensor(3.8706),tensor(6.9344)
1699,tensor(3.8882),tensor(6.9347)
1700,tensor(3.9021),tensor(6.9549)
1701,tensor(3.8894),tensor(6.9454)
1702,tensor(3.8768),tensor(6.9508)
1703,tensor(3.9006),tensor(6.9564)
1704,tensor(3.8967),tensor(6.9511)
1705,tensor(3.8747),tensor(6.9432)
1706,tensor(3.8789),tensor(6.9494)
1707,tensor(3.8828),tensor(6.9440)
1708,tensor(3.8799),tensor(6.9426)
1709,tensor(3.8885),tensor(6.9409)
1710,tensor(3.8834),tensor(6.9453)
1711,tensor(3.8985),tensor(6.9628)
1712,tensor(3.8995),tensor(6.9614)
1713,tensor(3.8807),tensor(6.9409)
1714,tensor(3.9175),tensor(6.9680)
1715,tensor(3.8881),tensor(6.9347)
1716,tensor(3.8663),tensor(6.9462)
1717,tensor(3.9000),tensor(6.9468)
1718,tensor(3.8800),tensor(6.9432)
1719,tensor(3.8961),tensor(6.9528)
1720,tensor(3.8883),tensor(6.9575)
1721,tensor(3.8932),tensor(6.9560)
1722,tensor(3.8866),tensor(6.9437)
1723,tensor(3.8790),tensor(6.9442)
1724,tensor(3.8879),tensor(6.9447)
1725,tensor(3.8889),tensor(6.9356)
1726,tensor(3.8743),tensor(6.9419)
1727,tensor(3.8896),tensor(6.9434)
1728,tensor(3.8946),tensor(6.9559)
1729,tensor(3.8871),tensor(6.9522)
1730,tensor(3.8979),tensor(6.9590)
1731,tensor(3.9034),tensor(6.9436)
1732,tensor(3.8782),tensor(6.9488)
1733,tensor(3.8791),tensor(6.9562)
1734,tensor(3.9017),tensor(6.9377)
1735,tensor(3.8888),tensor(6.9422)
1736,tensor(3.8801),tensor(6.9365)
1737,tensor(3.8776),tensor(6.9368)
1738,tensor(3.9038),tensor(6.9551)
1739,tensor(3.8844),tensor(6.9475)
1740,tensor(3.8983),tensor(6.9620)
1741,tensor(3.8771),tensor(6.9497)
1742,tensor(3.8937),tensor(6.9530)
1743,tensor(3.8883),tensor(6.9430)
1744,tensor(3.8732),tensor(6.9394)
1745,tensor(3.8730),tensor(6.9361)
1746,tensor(3.8826),tensor(6.9558)
1747,tensor(3.8956),tensor(6.9459)
1748,tensor(3.8854),tensor(6.9483)
1749,tensor(3.8789),tensor(6.9436)
1750,tensor(3.8835),tensor(6.9643)
1751,tensor(3.8901),tensor(6.9582)
1752,tensor(3.8979),tensor(6.9511)
1753,tensor(3.9026),tensor(6.9693)
1754,tensor(3.8918),tensor(6.9544)
1755,tensor(3.8759),tensor(6.9562)
1756,tensor(3.8836),tensor(6.9772)
1757,tensor(3.8888),tensor(6.9674)
1758,tensor(3.8765),tensor(6.9492)
1759,tensor(3.8752),tensor(6.9482)
1760,tensor(3.9047),tensor(6.9579)
1761,tensor(3.8864),tensor(6.9568)
1762,tensor(3.8870),tensor(6.9459)
1763,tensor(3.9390),tensor(6.9477)
1764,tensor(3.8950),tensor(6.9490)
1765,tensor(3.8891),tensor(6.9454)
1766,tensor(3.8866),tensor(6.9443)
1767,tensor(3.8812),tensor(6.9470)
1768,tensor(3.8972),tensor(6.9528)
1769,tensor(3.8823),tensor(6.9497)
1770,tensor(3.8891),tensor(6.9528)
1771,tensor(3.8901),tensor(6.9484)
1772,tensor(3.8927),tensor(6.9566)
1773,tensor(3.8898),tensor(6.9570)
1774,tensor(3.8884),tensor(6.9527)
1775,tensor(3.8619),tensor(6.9370)
1776,tensor(3.8911),tensor(6.9579)
1777,tensor(3.8924),tensor(6.9507)
1778,tensor(3.8701),tensor(6.9526)
1779,tensor(3.8897),tensor(6.9497)
1780,tensor(3.8675),tensor(6.9413)
1781,tensor(3.8747),tensor(6.9574)
1782,tensor(3.8710),tensor(6.9474)
1783,tensor(3.8761),tensor(6.9438)
1784,tensor(3.8717),tensor(6.9573)
1785,tensor(4.2503),tensor(6.9695)
1786,tensor(3.9195),tensor(6.9957)
1787,tensor(3.9367),tensor(7.0137)
1788,tensor(3.9418),tensor(6.9968)
1789,tensor(3.9371),tensor(6.9883)
1790,tensor(3.9074),tensor(6.9609)
1791,tensor(3.9031),tensor(6.9645)
1792,tensor(3.9109),tensor(6.9676)
1793,tensor(3.9100),tensor(6.9561)
1794,tensor(3.9110),tensor(6.9526)
1795,tensor(3.9208),tensor(6.9641)
1796,tensor(3.8902),tensor(6.9437)
1797,tensor(3.9226),tensor(6.9580)
1798,tensor(3.9074),tensor(6.9515)
1799,tensor(3.9064),tensor(6.9558)
1800,tensor(3.9069),tensor(6.9604)
1801,tensor(3.9047),tensor(6.9540)
1802,tensor(3.8860),tensor(6.9457)
1803,tensor(3.9049),tensor(6.9605)
1804,tensor(3.8975),tensor(6.9504)
1805,tensor(3.8814),tensor(6.9496)
1806,tensor(3.8810),tensor(6.9433)
1807,tensor(3.8828),tensor(6.9523)
1808,tensor(3.8969),tensor(6.9642)
1809,tensor(3.8823),tensor(6.9500)
1810,tensor(3.8863),tensor(6.9517)
1811,tensor(3.8744),tensor(6.9454)
1812,tensor(3.8911),tensor(6.9448)
1813,tensor(3.8830),tensor(6.9376)
1814,tensor(3.8906),tensor(6.9480)
1815,tensor(3.8849),tensor(6.9502)
1816,tensor(3.8961),tensor(6.9517)
1817,tensor(3.8996),tensor(6.9448)
1818,tensor(3.9001),tensor(6.9560)
1819,tensor(3.8988),tensor(6.9250)
1820,tensor(3.9002),tensor(6.9371)
1821,tensor(3.8800),tensor(6.9353)
1822,tensor(3.8813),tensor(6.9459)
1823,tensor(3.8884),tensor(6.9373)
1824,tensor(3.8947),tensor(6.9445)
1825,tensor(3.8971),tensor(6.9448)
1826,tensor(3.8964),tensor(6.9451)
1827,tensor(3.8818),tensor(6.9478)
1828,tensor(3.9055),tensor(6.9463)
1829,tensor(3.8955),tensor(6.9478)
1830,tensor(3.8713),tensor(6.9309)
1831,tensor(3.9068),tensor(6.9701)
1832,tensor(3.9530),tensor(6.9762)
1833,tensor(3.9378),tensor(6.9622)
1834,tensor(3.9141),tensor(6.9436)
1835,tensor(3.8953),tensor(6.9549)
1836,tensor(3.9028),tensor(6.9479)
1837,tensor(3.9021),tensor(6.9581)
1838,tensor(3.8917),tensor(6.9415)
1839,tensor(3.9030),tensor(6.9506)
1840,tensor(3.8971),tensor(6.9500)
1841,tensor(3.8962),tensor(6.9494)
1842,tensor(3.8807),tensor(6.9241)
1843,tensor(3.8777),tensor(6.9338)
1844,tensor(3.8866),tensor(6.9453)
1845,tensor(3.8995),tensor(6.9349)
1846,tensor(3.8907),tensor(6.9289)
1847,tensor(3.8851),tensor(6.9286)
1848,tensor(3.8905),tensor(6.9430)
1849,tensor(3.9119),tensor(6.9706)
1850,tensor(3.9117),tensor(6.9562)
1851,tensor(3.9224),tensor(6.9491)
1852,tensor(3.8910),tensor(6.9389)
1853,tensor(3.9046),tensor(6.9663)
1854,tensor(3.9136),tensor(6.9546)
1855,tensor(3.9080),tensor(6.9498)
1856,tensor(3.8958),tensor(6.9339)
1857,tensor(3.9059),tensor(6.9585)
1858,tensor(3.9087),tensor(6.9595)
1859,tensor(3.8838),tensor(6.9431)
1860,tensor(3.8900),tensor(6.9583)
1861,tensor(3.8910),tensor(6.9512)
1862,tensor(3.9060),tensor(6.9570)
1863,tensor(3.8794),tensor(6.9433)
1864,tensor(3.8885),tensor(6.9594)
1865,tensor(3.8968),tensor(6.9431)
1866,tensor(3.8860),tensor(6.9448)
1867,tensor(3.8944),tensor(6.9435)
1868,tensor(3.9070),tensor(6.9561)
1869,tensor(3.8736),tensor(6.9349)
1870,tensor(3.8807),tensor(6.9500)
1871,tensor(3.8949),tensor(6.9531)
1872,tensor(3.8820),tensor(6.9468)
1873,tensor(3.8844),tensor(6.9600)
1874,tensor(3.8832),tensor(6.9394)
1875,tensor(3.8663),tensor(6.9440)
1876,tensor(3.8923),tensor(6.9422)
1877,tensor(3.8879),tensor(6.9428)
1878,tensor(3.9004),tensor(6.9501)
1879,tensor(3.8889),tensor(6.9408)
1880,tensor(3.8796),tensor(6.9333)
1881,tensor(3.8841),tensor(6.9432)
1882,tensor(3.8750),tensor(6.9393)
1883,tensor(3.8928),tensor(6.9528)
1884,tensor(3.8741),tensor(6.9356)
1885,tensor(3.8734),tensor(6.9320)
1886,tensor(3.8865),tensor(6.9581)
1887,tensor(3.9012),tensor(6.9469)
1888,tensor(3.8905),tensor(6.9476)
1889,tensor(3.8879),tensor(6.9468)
1890,tensor(3.8906),tensor(6.9383)
1891,tensor(3.8859),tensor(6.9570)
1892,tensor(3.8845),tensor(6.9456)
1893,tensor(3.8962),tensor(6.9598)
1894,tensor(3.9028),tensor(6.9533)
1895,tensor(3.9068),tensor(6.9542)
1896,tensor(3.8578),tensor(6.9418)
1897,tensor(3.8868),tensor(6.9467)
1898,tensor(3.8786),tensor(6.9431)
1899,tensor(3.8884),tensor(6.9567)
1900,tensor(3.8762),tensor(6.9457)
1901,tensor(3.8883),tensor(6.9569)
1902,tensor(3.8947),tensor(6.9486)
1903,tensor(3.8878),tensor(6.9523)
1904,tensor(3.8971),tensor(6.9528)
1905,tensor(3.8768),tensor(6.9420)
1906,tensor(3.8884),tensor(6.9495)
1907,tensor(3.8800),tensor(6.9461)
1908,tensor(3.8793),tensor(6.9535)
1909,tensor(3.8840),tensor(6.9632)
1910,tensor(3.8787),tensor(6.9509)
1911,tensor(3.9054),tensor(6.9601)
1912,tensor(3.8574),tensor(6.9451)
1913,tensor(3.8826),tensor(6.9541)
1914,tensor(3.8676),tensor(6.9491)
1915,tensor(3.8865),tensor(6.9541)
1916,tensor(3.8804),tensor(6.9458)
1917,tensor(3.8710),tensor(6.9451)
1918,tensor(3.8664),tensor(6.9451)
1919,tensor(3.8764),tensor(6.9465)
1920,tensor(3.8745),tensor(6.9437)
1921,tensor(3.8942),tensor(6.9565)
1922,tensor(3.8776),tensor(6.9327)
1923,tensor(3.8979),tensor(6.9436)
1924,tensor(3.8876),tensor(6.9529)
1925,tensor(3.8688),tensor(6.9364)
1926,tensor(3.8819),tensor(6.9447)
1927,tensor(3.8725),tensor(6.9537)
1928,tensor(3.8888),tensor(6.9547)
1929,tensor(3.8933),tensor(6.9552)
1930,tensor(3.8779),tensor(6.9471)
1931,tensor(3.8928),tensor(6.9426)
1932,tensor(3.8977),tensor(6.9383)
1933,tensor(3.8735),tensor(6.9475)
1934,tensor(3.8980),tensor(6.9534)
1935,tensor(3.8848),tensor(6.9444)
1936,tensor(3.8734),tensor(6.9365)
1937,tensor(3.8981),tensor(6.9556)
1938,tensor(3.8854),tensor(6.9416)
1939,tensor(3.8946),tensor(6.9451)
1940,tensor(3.8685),tensor(6.9450)
1941,tensor(3.8942),tensor(6.9579)
1942,tensor(3.8820),tensor(6.9534)
1943,tensor(3.9021),tensor(6.9695)
1944,tensor(3.8976),tensor(6.9400)
1945,tensor(3.8833),tensor(6.9505)
1946,tensor(3.8872),tensor(6.9385)
1947,tensor(3.8881),tensor(6.9378)
1948,tensor(3.8891),tensor(6.9394)
1949,tensor(3.8933),tensor(6.9429)
1950,tensor(3.8968),tensor(6.9412)
1951,tensor(3.9005),tensor(6.9366)
1952,tensor(3.8883),tensor(6.9478)
1953,tensor(3.8975),tensor(6.9467)
1954,tensor(3.8751),tensor(6.9430)
1955,tensor(3.8885),tensor(6.9542)
1956,tensor(3.8934),tensor(6.9501)
1957,tensor(3.8990),tensor(6.9600)
1958,tensor(3.8930),tensor(6.9590)
1959,tensor(3.8937),tensor(6.9523)
1960,tensor(3.8977),tensor(6.9575)
1961,tensor(3.8763),tensor(6.9436)
1962,tensor(3.8861),tensor(6.9524)
1963,tensor(3.8764),tensor(6.9448)
1964,tensor(3.8850),tensor(6.9512)
1965,tensor(3.8742),tensor(6.9331)
1966,tensor(3.9021),tensor(6.9540)
1967,tensor(3.8931),tensor(6.9452)
1968,tensor(3.8977),tensor(6.9268)
1969,tensor(3.9405),tensor(6.9845)
1970,tensor(3.9594),tensor(6.9484)
1971,tensor(3.9251),tensor(6.9586)
1972,tensor(3.8962),tensor(6.9301)
1973,tensor(3.9012),tensor(6.9503)
1974,tensor(3.8979),tensor(6.9485)
1975,tensor(3.8848),tensor(6.9607)
1976,tensor(3.8817),tensor(6.9480)
1977,tensor(4.4789),tensor(7.0127)
1978,tensor(3.9462),tensor(7.0282)
1979,tensor(3.9294),tensor(7.0111)
1980,tensor(3.9435),tensor(7.0154)
1981,tensor(3.9106),tensor(6.9997)
1982,tensor(3.9364),tensor(7.0048)
1983,tensor(3.9248),tensor(6.9984)
1984,tensor(3.9103),tensor(6.9864)
1985,tensor(3.9082),tensor(6.9892)
1986,tensor(3.9095),tensor(6.9919)
1987,tensor(3.9107),tensor(6.9815)
1988,tensor(3.9229),tensor(6.9724)
1989,tensor(3.9052),tensor(6.9532)
1990,tensor(3.9155),tensor(6.9709)
1991,tensor(3.9150),tensor(6.9560)
1992,tensor(3.9116),tensor(6.9737)
1993,tensor(3.9114),tensor(6.9657)
1994,tensor(3.9178),tensor(6.9774)
1995,tensor(3.9058),tensor(6.9769)
1996,tensor(3.8922),tensor(6.9681)
1997,tensor(3.9129),tensor(6.9875)
1998,tensor(3.9103),tensor(6.9504)
1999,tensor(3.9109),tensor(6.9601)
